temperature,vibration,pressure,rotational_speed,operating_hours,failure
74.97,0.012,29.43,1598,3747,0
68.62,0.033,31.85,1609,2882,0
76.48,0.042,30.29,1330,1791,0
85.23,0.088,32.26,2054,2325,1
67.66,0.061,33.93,1347,3166,0
67.66,0.023,39.19,1580,2047,0
85.79,0.06,33.39,1308,1465,1
77.67,0.019,27.07,1751,3230,0
65.31,0.072,40.7,1320,4633,1
75.43,0.041,30.81,1494,4621,1
65.37,0.048,34.71,1319,1067,0
65.34,0.077,37.23,1655,1504,0
72.42,0.024,36.0,1729,585,0
50.87,0.022,40.47,1368,1855,0
52.75,0.038,37.4,1909,3730,0
64.38,0.071,30.69,2122,3068,0
59.87,0.02,45.89,2195,1679,0
73.14,-0.007,35.97,1342,2895,0
60.92,0.041,34.26,1236,150,0
55.88,0.061,39.82,1897,1759,0
84.66,0.074,36.25,1460,4400,1
67.74,0.041,37.0,1430,2887,0
70.68,0.042,47.46,1453,4728,1
55.75,0.073,33.62,1528,2255,0
64.56,0.013,33.41,2102,4446,1
71.11,0.042,35.58,1496,4330,1
58.49,0.054,40.36,2179,3261,0
73.76,0.059,27.47,1209,1714,0
63.99,0.04,25.17,1645,2836,0
67.08,0.051,32.06,2121,506,0
63.98,0.0,26.83,2035,3479,0
88.52,0.037,32.88,1429,4297,1
69.87,0.059,37.51,1735,1484,0
59.42,0.03,30.55,1277,3795,0
78.23,0.051,27.87,1624,4599,1
57.79,0.059,35.35,1392,3002,0
72.09,0.043,39.31,1600,1729,0
50.4,0.053,26.53,1308,3362,0
56.72,0.031,39.1,1991,1126,0
71.97,0.046,39.09,2122,3089,0
77.38,0.062,39.77,1462,2324,0
71.71,0.053,41.09,1528,3020,0
68.84,0.038,46.01,1562,4415,1
66.99,0.054,33.22,2066,4368,1
55.21,0.064,35.55,1577,2883,0
62.8,0.009,32.92,1979,1513,0
65.39,0.073,35.01,1540,4697,1
80.57,0.043,42.66,1458,3748,0
73.44,0.059,28.27,1534,2908,0
52.37,0.074,30.69,1284,3431,0
73.24,0.023,41.89,1721,2278,0
66.15,0.036,40.1,2000,897,0
63.23,0.044,33.18,2013,2946,0
76.12,0.034,39.27,1770,1029,0
80.31,0.085,36.71,1507,4918,1
79.31,0.033,42.5,1461,3191,0
61.61,0.039,35.37,2097,2362,0
66.91,0.054,40.13,1996,1433,0
73.31,0.026,48.21,1830,1374,0
79.76,0.042,37.99,1879,4683,1
65.21,0.056,35.25,2064,3580,0
68.14,0.043,38.61,1900,3442,0
58.94,0.048,33.17,1651,1317,0
58.04,0.039,46.94,1450,1564,0
78.13,0.02,35.9,1523,4508,1
83.56,0.056,33.64,2124,4274,1
69.28,0.085,30.82,1428,4870,1
80.04,0.05,40.49,1901,113,0
73.62,0.055,39.34,2027,2393,0
63.55,0.064,32.51,1835,2145,0
73.61,0.025,37.88,1795,1137,0
85.38,0.084,27.46,1496,4228,1
69.64,0.054,35.92,1926,1559,0
85.65,0.083,37.26,1436,356,1
43.8,0.035,43.54,2177,4229,1
78.22,0.086,31.15,1824,4173,0
70.87,0.066,28.61,1416,1383,0
67.01,0.061,30.52,2032,3587,0
70.92,0.055,28.32,1445,2284,0
50.12,0.045,41.68,1647,458,0
67.8,0.074,42.74,2046,3891,0
73.57,0.053,36.6,1518,4949,1
84.78,0.011,41.11,2193,3287,0
64.82,0.028,35.67,1631,4599,1
61.92,0.046,34.52,1603,1325,0
64.98,0.056,33.33,2085,2397,0
79.15,0.049,33.45,1236,377,0
73.29,0.074,27.26,1775,4307,1
64.7,0.011,36.32,1930,2086,0
75.13,0.053,34.8,1541,3644,0
70.97,0.014,38.73,1588,2893,0
79.69,0.065,35.47,1233,491,0
62.98,0.048,34.19,1238,1068,0
66.72,0.058,30.64,1778,2290,0
66.08,0.033,35.36,1408,2328,0
55.36,0.076,38.69,2029,2726,0
72.96,0.071,29.28,2055,2945,0
72.61,0.062,35.44,1351,4464,1
70.05,0.047,36.17,2098,3407,0
67.65,0.062,31.41,1564,2700,0
55.85,0.036,32.06,1398,2780,0
65.79,0.067,36.15,1800,4470,1
66.57,0.083,29.33,1959,4938,1
61.98,0.071,36.75,2034,185,0
68.39,0.035,30.52,1278,3234,0
74.04,0.057,40.31,1676,4599,1
88.86,0.024,46.69,1633,2339,1
71.75,0.061,30.7,1996,3464,0
72.58,0.059,37.67,2041,2145,0
69.26,0.013,31.37,1231,1154,0
50.81,0.027,40.2,1286,3501,0
69.73,0.044,28.67,1750,3829,0
70.6,0.044,37.4,1592,2769,0
94.63,0.026,30.64,1812,375,1
68.08,0.058,33.97,1443,4846,1
73.02,0.055,29.84,1431,4190,0
69.65,0.046,39.11,2109,1205,0
58.31,0.035,30.82,1779,4781,1
81.43,0.071,37.76,1391,3032,0
77.52,0.083,33.28,2115,228,0
77.91,0.04,34.43,1739,4451,1
60.91,0.038,35.74,1469,4426,1
84.03,0.06,31.19,2139,3668,0
55.98,0.043,36.05,1937,2502,0
75.87,0.047,42.65,1276,1747,0
91.9,0.065,31.11,1934,3656,1
60.09,0.012,40.86,2192,3991,0
64.34,0.076,42.49,2083,2293,0
71.0,0.051,30.92,1366,2147,0
64.97,0.042,27.72,1483,3204,0
54.49,0.048,36.51,1903,4455,1
70.69,0.049,32.26,1288,2234,0
59.38,0.015,44.34,1743,942,0
74.74,0.08,35.17,1848,2071,0
60.81,0.051,30.99,1355,4460,1
85.5,0.059,29.26,1449,4003,1
62.17,0.069,40.45,1294,3713,0
66.78,0.03,32.14,1216,491,0
78.14,0.059,35.22,1316,2379,0
57.69,0.045,39.78,2182,1000,0
72.27,0.067,32.58,1532,4783,1
83.07,0.007,34.77,2022,2594,0
53.93,0.048,34.92,1721,1252,0
71.85,0.038,38.42,1279,1394,0
72.6,0.059,37.95,1845,565,0
77.82,0.059,33.9,1631,2275,0
57.63,0.036,35.32,1402,3345,0
56.8,0.036,33.14,1315,587,0
75.22,0.048,27.61,2162,3038,0
72.97,0.032,36.29,1419,2726,0
72.5,0.067,44.46,1452,1049,0
73.46,0.043,30.58,1368,4601,1
63.2,-0.008,31.13,2046,1149,0
72.32,0.043,30.65,1515,4175,0
72.93,0.029,38.62,1916,4559,1
62.86,0.017,37.24,2009,1490,0
88.66,0.025,34.21,1571,1183,1
74.74,0.052,30.41,1959,4746,1
58.09,0.077,35.46,2076,1758,0
76.57,0.056,27.18,2176,4487,1
60.25,0.038,35.72,1782,1917,0
77.87,0.059,39.36,1355,290,0
81.59,0.041,28.74,1813,560,0
61.79,0.036,27.34,1212,2621,0
79.63,0.027,42.9,1707,3576,0
74.13,0.015,31.94,1664,2805,0
78.22,0.042,40.68,1982,4466,1
88.97,0.053,34.23,2003,1257,1
67.55,0.048,34.19,1419,4366,1
62.46,0.042,37.19,1214,127,0
61.1,0.031,30.58,1949,4331,1
61.84,0.062,35.66,1316,3072,0
69.23,0.024,33.09,1530,3124,0
73.41,0.066,28.4,1255,1364,0
72.77,0.03,36.69,1550,955,0
78.27,0.035,33.68,1331,4125,0
70.13,0.021,34.21,2194,1351,0
84.54,0.04,28.95,1425,4704,1
67.35,0.07,42.96,1507,3970,0
97.2,0.06,39.38,1674,1426,1
76.26,0.07,39.82,2105,1125,0
61.43,0.06,33.47,1421,461,0
59.29,0.028,26.35,1372,1318,0
74.82,0.043,44.76,1539,705,0
67.77,0.034,34.69,1996,1770,0
77.14,0.077,31.26,1705,4911,1
74.73,0.026,37.08,2020,2397,0
69.27,0.068,40.84,1356,2294,0
61.53,0.068,34.88,1350,4543,1
54.85,0.087,41.39,1896,1377,0
65.53,0.042,40.41,1377,498,0
78.56,0.064,29.62,1732,2272,0
72.14,0.096,31.63,1311,2910,1
57.54,0.038,39.79,1882,2752,0
71.73,0.019,21.44,1337,3039,0
73.85,0.012,34.25,1432,921,0
61.16,0.064,27.85,1531,1044,0
71.54,0.012,32.62,1741,3578,0
70.58,0.043,33.51,2092,2879,0
58.57,0.059,33.21,1506,4529,1
73.58,0.054,32.24,1360,4550,1
75.61,0.059,29.51,1601,1296,0
80.83,0.054,46.46,1789,1312,0
80.54,0.076,44.34,1477,923,0
56.22,0.031,29.19,1519,1996,0
60.62,0.036,42.91,1732,4363,1
75.15,0.035,33.0,2096,2515,0
75.14,0.067,35.65,1696,635,0
75.15,0.068,34.68,1562,3110,0
108.53,0.059,31.7,1571,2727,1
75.71,0.074,39.92,2091,3877,0
81.36,0.026,35.63,1854,1049,0
79.54,0.083,32.62,1235,3608,0
76.51,0.08,28.48,1502,4402,1
66.85,0.065,30.53,1637,643,0
77.59,0.086,26.79,1925,4000,0
62.27,0.017,35.06,1231,3853,0
67.63,0.04,29.02,1385,4324,1
65.15,0.035,33.67,1373,2182,0
70.82,0.064,41.85,1765,2966,0
93.15,0.029,41.0,1872,2346,1
51.33,0.065,34.84,1449,1936,0
76.86,0.077,34.56,1962,176,0
53.87,0.064,44.4,2134,468,0
65.28,0.056,37.6,1478,4721,1
80.89,0.03,33.36,1882,448,0
70.64,0.033,27.87,1894,4701,1
59.22,0.075,36.97,1201,4838,1
62.85,0.066,39.15,1393,4433,1
76.8,0.049,31.84,1365,1555,0
62.7,0.042,36.46,1958,2285,0
72.16,0.009,33.18,2124,3911,0
70.46,0.029,34.08,1955,3372,0
63.48,0.088,22.56,1309,3782,0
91.44,0.024,33.89,1579,1946,1
76.34,0.054,39.85,2034,1954,0
49.75,0.07,31.84,2198,3085,0
71.86,0.025,35.26,1782,4550,1
63.38,0.054,31.22,1875,2725,0
78.52,0.069,36.8,1484,2994,0
62.07,0.05,33.92,2086,658,0
68.85,0.107,30.3,1620,2996,1
75.05,0.017,41.66,1312,2017,0
78.66,0.071,39.64,1427,1354,0
58.0,0.047,31.98,1670,1781,0
66.65,0.065,37.49,2012,1914,0
65.25,0.059,37.69,1727,762,0
63.47,0.035,38.21,1695,4216,1
87.65,0.055,26.53,1230,3425,1
74.05,0.013,40.03,1361,1341,0
57.39,0.062,32.15,2017,3243,0
79.18,0.056,33.21,1904,3137,0
91.22,0.063,48.19,1921,261,1
80.32,0.071,36.51,1577,4325,1
54.81,0.057,33.07,1645,2050,0
65.16,0.053,23.97,1943,4420,1
82.67,0.032,41.95,1626,1881,0
62.92,0.036,28.27,1895,4775,1
74.44,0.074,29.98,1703,1577,0
77.75,0.079,33.34,1726,3130,0
60.73,0.045,42.08,2143,4086,0
69.4,0.051,38.87,2016,206,0
37.59,0.032,34.21,1920,2768,0
59.76,0.073,36.54,1883,1264,0
67.47,0.063,32.0,1977,1257,0
57.52,0.089,35.7,1731,2346,0
86.32,0.032,35.37,1781,766,1
55.7,0.042,39.84,1719,2226,0
65.6,0.055,39.84,2140,3041,0
71.31,0.063,37.47,1233,611,0
84.41,0.046,33.19,1935,349,0
55.64,0.033,38.71,1890,988,0
81.63,0.068,34.54,1957,1123,0
70.1,0.064,29.59,1689,4794,1
60.18,0.032,32.98,1971,4948,1
74.62,0.077,35.42,1819,699,0
71.99,0.073,39.55,1953,3122,0
64.0,0.053,34.08,1622,2630,0
70.7,0.052,28.95,1667,2983,0
66.15,0.061,35.28,1223,2164,0
71.14,0.033,35.57,1415,1858,0
76.62,0.051,35.93,1254,3669,0
85.86,0.007,39.6,1225,1342,1
57.62,0.068,40.09,1480,4429,1
91.33,0.019,32.03,2003,2395,1
50.48,0.08,31.92,1526,2025,0
68.48,0.043,29.8,2169,2162,0
75.88,0.046,38.49,1385,3495,0
72.81,0.037,42.24,1694,540,0
63.77,0.044,33.42,1211,2843,0
67.92,0.078,33.79,1840,106,0
65.07,0.0,42.33,2083,1686,0
64.11,0.076,37.53,1633,925,0
78.5,0.057,37.18,2120,3924,0
73.57,0.026,29.05,1407,1368,0
63.07,0.028,38.39,1332,3536,0
79.0,0.084,30.35,1538,3538,0
73.07,0.031,29.33,1395,1410,0
78.13,0.027,33.27,1461,4133,0
76.3,0.073,32.07,1481,1727,0
61.71,0.057,33.89,1568,1136,0
64.4,0.031,27.8,1302,577,0
77.47,0.054,39.79,1831,2778,0
76.1,0.029,40.64,1382,814,0
69.79,0.072,25.26,1622,1776,0
71.17,0.071,39.89,1208,2262,0
82.78,0.061,30.95,1756,608,0
64.08,0.057,39.28,1443,481,0
75.47,0.085,34.66,1981,1280,0
67.98,0.05,35.14,1823,1945,0
67.82,0.026,34.07,1766,4470,1
80.99,0.059,41.06,1592,1818,0
78.25,0.092,28.8,1726,1200,1
78.14,0.03,38.04,1236,1960,0
83.05,0.043,40.51,1377,2191,0
70.21,0.058,38.58,1838,817,0
76.82,0.049,46.62,1828,417,0
66.9,0.03,32.36,2051,4729,1
73.24,0.072,39.79,1271,1876,0
68.7,0.096,34.47,1551,2384,1
70.97,0.054,41.17,1822,1344,0
75.95,0.032,34.96,1348,1433,0
61.82,0.019,33.06,1896,3769,0
90.92,0.055,41.53,1304,1300,1
59.94,0.072,32.54,1858,1894,0
57.86,0.06,27.94,1420,2801,0
81.58,0.05,32.42,2025,1554,0
77.92,0.038,38.1,2062,2033,0
76.24,0.028,41.96,1573,846,0
76.28,0.067,35.56,1717,940,0
69.88,0.068,41.59,1459,2595,0
61.03,0.019,28.21,1498,1188,0
70.76,0.082,32.78,2060,892,0
63.23,0.061,33.56,1241,1367,0
79.75,0.078,34.43,1970,1650,0
68.53,0.023,35.42,2096,2790,0
61.75,0.023,38.45,1691,392,0
66.79,0.047,32.78,1638,4122,0
74.13,0.06,35.7,1982,1504,0
64.36,0.086,34.77,1246,1748,0
61.78,0.064,30.37,1284,2916,0
72.44,0.045,34.43,1885,4010,0
72.45,0.029,34.28,1257,3018,0
64.93,0.075,34.17,2190,1497,0
65.29,0.031,35.16,1910,1793,0
72.32,0.083,35.38,1408,1137,0
55.52,0.044,32.84,1447,3952,0
55.93,0.082,41.36,1410,1662,0
62.82,0.064,29.15,1238,1212,0
67.87,0.047,31.4,1451,1391,0
73.11,0.04,48.9,1842,1261,0
84.75,0.043,29.81,2125,1129,0
78.58,0.059,28.23,2002,4437,1
68.4,0.052,38.67,1961,4357,1
69.81,0.038,24.61,2152,2839,0
59.97,0.047,33.82,1612,1078,0
69.81,0.052,45.73,2145,617,0
67.11,0.007,27.28,1645,882,0
73.23,0.059,25.09,1251,2931,0
61.73,0.03,27.5,1573,4280,1
75.19,0.027,39.49,1725,237,0
85.33,0.016,40.62,2130,853,1
68.91,0.014,32.44,1355,3053,0
74.02,0.023,38.42,2153,4908,1
76.9,0.036,41.95,1741,2555,0
65.99,0.089,43.94,1289,2934,0
72.24,0.039,33.77,2102,679,0
70.13,0.054,23.49,1878,3355,0
70.98,0.058,30.9,1550,3366,0
62.27,0.053,32.87,1268,4749,1
70.25,0.048,33.71,1362,495,0
74.98,0.026,34.06,1441,2037,0
84.51,0.079,40.59,1694,2689,0
79.59,0.086,41.37,1582,3134,0
91.53,0.016,34.14,1251,269,1
62.33,0.03,40.49,1853,2437,0
78.72,0.044,36.79,1262,3339,0
71.83,0.031,35.32,1708,3515,0
91.9,0.06,39.53,1491,3668,1
61.92,0.035,35.36,1290,3316,0
61.6,0.093,45.29,1863,3584,1
64.01,0.074,27.81,1623,4935,1
48.76,0.054,32.42,1868,1941,0
64.74,0.071,34.37,2020,3860,0
62.41,0.072,37.2,1564,4652,1
71.5,0.039,41.34,1349,3126,0
73.42,0.034,34.88,2039,4065,0
88.76,0.052,27.89,1470,1701,1
79.5,0.067,39.21,2080,1246,0
64.23,0.053,38.77,1780,4426,1
61.02,0.018,25.29,1315,2784,0
74.92,0.034,34.98,1903,211,0
56.8,0.049,27.05,1715,692,0
88.31,0.048,31.68,1786,2539,1
81.79,0.089,30.49,2113,1338,0
65.31,0.022,39.05,2009,2894,0
52.87,0.06,35.58,1440,2514,0
83.54,0.08,28.57,1229,2229,0
68.85,0.095,39.4,1342,2953,1
82.38,0.042,27.83,1525,2969,0
54.06,0.06,36.65,1894,3698,0
64.01,0.061,30.93,2148,3903,0
70.05,0.054,33.17,1215,1626,0
70.47,0.048,37.52,1310,2069,0
65.5,0.059,37.61,2071,1051,0
76.23,-0.001,41.68,1912,1602,0
59.32,0.064,34.59,1306,4567,1
68.58,0.053,36.53,1578,3436,0
71.2,0.046,32.81,1361,209,0
75.14,0.091,35.91,1482,4086,1
77.12,0.037,37.2,1468,2454,0
58.75,0.042,34.51,1683,325,0
54.66,0.09,25.98,1866,3111,0
82.78,0.033,36.66,1272,4226,1
73.32,0.039,36.82,1396,713,0
62.52,0.047,31.6,1442,198,0
85.51,0.067,28.58,1797,910,1
71.16,0.054,42.38,1998,3437,0
81.79,0.024,37.46,1458,2799,0
70.68,0.039,33.85,1997,1119,0
90.61,0.038,29.31,1348,3125,1
87.55,0.048,30.89,2066,3628,1
67.51,0.059,41.51,1589,3986,0
79.72,0.058,35.69,2187,3079,0
76.45,0.014,32.25,1615,3440,0
83.69,0.071,37.55,1625,896,0
60.35,0.055,30.93,2196,2057,0
76.86,0.078,42.5,1901,3166,0
80.58,0.059,41.76,1416,3120,0
52.41,0.072,32.67,2127,2780,0
58.17,0.059,31.86,2066,4541,1
49.61,0.077,21.91,1285,4919,1
67.31,0.06,27.59,1415,3048,0
77.18,0.048,28.3,1622,3831,0
85.02,0.095,35.68,1519,1201,1
70.74,0.068,33.37,1317,1137,0
86.29,0.061,28.27,2125,4331,1
56.2,0.024,33.59,2158,891,0
52.97,0.024,37.53,2081,4274,1
69.44,0.056,37.64,2191,1878,0
73.84,0.053,25.5,1614,4900,1
69.67,0.038,34.36,1798,1081,0
49.33,0.053,28.08,1239,1365,0
69.11,0.082,39.51,1360,843,0
56.96,0.064,38.92,1902,2531,0
76.7,0.027,30.51,1736,474,0
73.67,0.048,31.17,1619,1853,0
60.6,0.034,32.69,1863,3997,0
64.86,0.042,23.74,1294,2636,0
59.41,0.042,36.68,1641,2091,0
69.37,0.04,33.64,2134,3028,0
79.55,0.025,39.85,1757,3546,0
60.14,0.047,29.51,2172,691,0
75.04,0.039,31.9,1849,4728,1
64.7,-0.009,27.47,2182,2669,0
62.07,0.091,29.98,1665,2972,1
68.93,0.072,29.09,1487,1276,0
59.65,0.042,39.98,2064,1435,0
64.46,0.05,31.51,1875,4793,1
58.02,0.027,35.62,1611,212,0
89.65,0.084,33.1,1599,3872,1
70.35,0.088,28.65,1727,1945,0
63.0,0.053,34.16,1217,2087,0
72.14,0.07,38.0,1335,4929,1
68.88,0.054,28.96,1663,2085,0
67.79,0.023,39.05,1958,3392,0
76.14,0.042,30.75,1447,3342,0
77.58,0.053,32.59,2042,352,0
64.69,0.041,37.65,1909,223,0
64.24,0.046,31.68,1200,1336,0
67.25,0.048,35.19,1901,723,0
46.98,0.048,33.43,1580,3256,0
54.85,0.051,35.65,1708,3236,0
83.67,0.029,23.1,1659,3489,0
86.45,0.036,25.85,1704,3517,1
67.51,0.024,38.08,2005,1755,0
75.77,0.07,40.19,1675,1366,0
73.11,0.008,30.45,1756,3045,0
100.79,0.073,33.78,2153,1260,1
81.2,0.078,36.47,2048,2394,0
68.72,0.044,38.47,2096,540,0
60.44,-0.002,24.86,1231,2192,0
53.94,0.043,30.57,2103,2805,0
72.03,0.049,33.34,1317,3859,0
62.44,0.03,38.52,2007,653,0
55.78,0.04,47.49,1383,1212,0
63.53,0.081,33.86,1390,2877,0
59.18,0.063,27.97,1946,1933,0
86.87,0.032,37.01,1949,1414,1
78.82,0.018,41.6,1927,3593,0
69.92,0.043,35.54,1273,3238,0
84.8,0.046,30.47,1822,3212,0
70.77,0.06,39.79,1302,198,0
61.39,0.039,38.32,2070,4025,0
85.23,0.06,29.87,1785,1579,1
75.39,0.089,36.91,1619,4496,1
59.63,0.066,39.99,1672,1322,0
68.1,0.049,40.91,1963,4683,1
61.24,0.046,34.67,1313,1104,0
56.17,0.043,33.21,1578,576,0
79.26,0.074,41.14,1512,1235,0
89.09,0.037,28.95,1529,2956,1
56.01,0.051,37.19,1538,1805,0
75.63,0.051,28.15,1437,617,0
63.49,0.04,40.33,1372,1320,0
65.13,0.023,33.71,1278,2606,0
64.08,0.056,41.34,1663,4425,1
61.36,0.049,37.46,2097,1291,0
70.49,0.06,28.88,1804,3980,0
61.69,0.039,42.12,2163,3343,0
72.7,0.074,42.76,1700,2077,0
69.5,0.032,39.41,1761,2342,0
67.61,0.084,31.19,1484,3190,0
60.92,0.015,33.47,1422,1987,0
64.23,0.059,35.73,1792,4659,1
77.55,0.06,31.48,1465,1073,0
75.01,0.034,43.46,1866,165,0
60.22,0.058,35.72,1572,3006,0
70.99,0.076,21.48,1432,670,0
77.51,0.006,36.7,2110,3992,0
53.31,0.06,33.26,2027,407,0
75.43,0.0,34.63,1435,3508,0
63.37,0.031,33.16,1870,3842,0
75.71,0.083,39.04,2116,882,0
62.37,0.038,40.6,2027,4316,1
51.95,0.027,36.42,1962,865,0
53.72,0.046,33.3,1513,3575,0
70.48,0.091,34.79,2136,872,1
72.6,0.013,35.1,2141,3957,0
60.96,0.029,30.99,2012,3285,0
76.39,0.08,37.89,1579,639,0
53.38,0.087,37.3,1993,2149,0
69.34,0.048,42.7,1813,3383,0
57.89,0.025,41.28,1762,4775,1
63.48,0.092,31.57,1619,1763,1
70.47,0.082,39.1,1251,1147,0
61.4,0.064,30.25,1920,3936,0
66.15,0.034,38.48,2018,3539,0
80.06,0.049,32.42,1842,605,0
64.23,0.047,29.88,1708,3347,0
78.36,0.057,36.4,1981,3600,0
58.7,0.079,21.63,2144,2010,0
75.3,0.068,26.25,1404,832,0
84.42,0.028,34.11,1930,3613,0
45.28,0.078,35.41,1456,1671,0
62.03,0.056,33.15,1384,4709,1
75.77,0.064,27.1,1344,3042,0
67.97,0.079,30.91,1889,4556,1
73.71,0.028,36.96,2193,2421,0
63.96,0.049,37.91,1213,3435,0
70.87,0.039,34.92,1445,4722,1
68.44,0.019,40.78,1386,4474,1
81.68,0.057,36.99,1536,2853,0
72.54,0.1,31.26,1458,1472,1
73.38,0.013,33.6,2065,1544,0
65.88,0.049,27.99,1239,3476,0
65.12,0.063,34.46,1800,389,0
65.67,0.052,40.56,1836,2165,0
73.94,0.048,38.43,2161,163,0
65.79,0.024,42.01,1617,4045,0
72.9,0.055,33.49,2185,429,0
90.75,0.035,41.73,1550,4958,1
78.71,0.006,34.03,1208,2063,0
66.74,0.074,42.36,1549,3188,0
82.01,0.069,34.89,1283,2590,0
65.92,0.051,38.54,1732,240,0
49.62,0.055,42.38,2188,4639,1
59.92,0.071,34.03,1992,2573,0
51.29,0.054,36.09,1557,4003,0
66.48,0.068,41.44,1577,549,0
70.18,0.044,34.33,1371,1925,0
86.76,0.076,28.4,1224,4546,1
73.27,0.056,45.72,1592,4794,1
67.81,0.054,32.65,1302,4906,1
78.29,0.025,35.79,1901,969,0
47.89,0.056,40.78,1435,3664,0
72.36,0.033,31.96,1609,3759,0
77.71,0.037,29.96,2024,3702,0
55.21,0.034,36.27,1748,492,0
81.44,0.029,26.03,1983,941,0
73.38,0.092,33.56,2004,2548,1
65.85,0.077,36.23,1531,2891,0
76.33,0.088,33.65,1863,3053,0
92.71,0.026,27.28,1993,1458,1
71.82,0.051,42.97,1731,1090,0
72.48,0.024,35.52,1848,1138,0
65.41,0.036,42.16,2182,127,0
61.5,0.032,33.7,2070,487,0
78.3,0.075,30.6,1228,932,0
61.44,0.042,36.35,1742,349,0
70.72,0.071,33.92,1218,2127,0
65.22,0.062,29.11,1347,1628,0
74.79,0.096,42.35,1670,4293,1
73.34,0.02,31.89,1690,1938,0
80.38,0.075,25.8,1482,1460,0
64.9,0.073,41.64,2061,3209,0
67.3,0.031,32.48,2052,1423,0
60.21,0.07,31.96,2011,2326,0
65.56,0.057,26.17,1874,3780,0
73.77,0.045,43.7,1312,991,0
77.57,0.034,28.55,1654,1405,0
60.78,0.036,35.29,1861,4648,1
78.7,0.091,39.56,1529,4292,1
83.56,0.05,37.11,1454,361,0
74.13,0.066,34.7,1798,2440,0
88.77,0.034,26.49,1598,1893,1
62.26,0.034,30.95,2061,2396,0
57.55,0.072,35.94,1809,2392,0
52.21,0.023,31.06,2108,2270,0
84.96,0.042,36.02,1707,424,0
76.54,0.051,38.41,1843,1085,0
69.44,0.052,39.81,1665,4882,1
72.8,0.046,28.87,2023,3952,0
58.75,0.058,45.98,1606,1839,0
94.46,0.064,38.84,1808,1960,1
71.29,0.065,34.99,1297,3237,0
71.09,0.03,40.45,1489,3998,0
77.26,0.044,46.83,2067,935,0
74.81,0.074,27.81,1938,4254,1
72.24,0.068,33.87,1856,2878,0
62.1,0.023,23.11,1355,1496,0
74.71,0.057,35.96,1981,1776,0
88.82,0.01,36.83,1361,4431,1
83.45,0.051,34.8,1823,4413,1
85.93,0.088,31.73,2042,1937,1
64.89,0.031,24.75,1896,3821,0
60.1,0.033,36.87,1916,3772,0
68.74,0.065,42.28,1296,3122,0
70.56,0.019,32.04,1576,4784,1
80.94,0.037,37.2,1766,1771,0
53.08,0.062,27.16,1649,1016,0
85.3,0.037,37.29,2193,1017,1
68.42,0.045,33.03,1316,1233,0
65.73,0.065,31.19,1804,1936,0
59.88,0.058,31.2,2004,2238,0
53.45,0.055,33.03,2163,4107,0
78.23,0.043,36.91,1915,2005,0
70.73,0.057,28.44,1993,4089,0
57.1,0.048,33.01,1705,3585,0
57.05,0.059,34.79,1388,4897,1
66.64,0.04,29.5,1675,2220,0
86.69,0.046,43.98,1522,2832,1
67.4,0.03,30.73,1795,2869,0
54.97,0.049,31.65,2169,1421,0
67.54,0.034,30.11,1379,3816,0
67.27,0.028,43.99,1985,3454,0
43.03,0.055,37.76,1380,1628,0
69.46,0.054,30.32,2158,4843,1
67.69,0.066,40.53,1892,859,0
76.96,0.041,36.0,1994,3512,0
88.49,0.058,36.29,1486,1457,1
81.27,0.061,33.28,1674,2290,0
67.31,0.059,31.25,1817,3581,0
58.93,0.033,36.69,1840,1048,0
95.73,0.053,32.27,1461,2179,1
70.59,0.057,44.08,1722,1866,0
70.14,0.05,28.65,1361,127,0
69.76,0.008,42.68,1686,2570,0
71.98,0.053,34.44,2179,2638,0
68.56,0.094,36.5,2158,259,1
64.26,0.043,39.17,1380,2992,0
64.53,0.035,31.85,1924,4213,1
69.67,0.057,39.32,1668,3822,0
64.57,0.056,21.46,1985,3831,0
62.87,0.074,31.4,1220,2571,0
71.06,0.025,30.38,1474,4950,1
67.45,0.065,28.73,1459,1670,0
85.04,0.062,33.93,1532,936,1
43.49,0.047,36.93,1665,4038,0
80.92,0.057,38.51,1315,2386,0
82.46,0.071,36.2,1612,3505,0
49.27,0.067,31.67,1736,2770,0
66.57,0.027,36.85,2151,4212,1
66.29,0.066,35.62,2044,4847,1
55.92,0.049,39.68,1965,4455,1
62.22,0.051,38.88,2158,1727,0
58.89,0.051,35.15,2122,1966,0
87.52,0.047,30.51,2155,304,1
79.36,0.074,31.74,1922,3679,0
82.72,0.048,32.25,2016,3274,0
77.22,0.028,33.42,2032,891,0
58.71,0.042,36.34,2133,4192,0
64.75,0.054,38.58,2050,3847,0
74.89,0.075,34.74,2147,1205,0
57.78,0.062,35.08,1456,1190,0
77.13,0.033,35.72,1367,1707,0
67.6,0.1,32.42,2048,1939,1
66.25,0.055,30.37,1732,3497,0
77.11,0.076,26.22,1797,166,0
74.44,0.047,31.52,1214,4879,1
66.39,0.061,37.37,1249,1378,0
81.59,0.067,31.49,2198,4258,1
59.19,0.074,33.81,1503,913,0
76.16,0.071,37.33,1686,502,0
75.93,0.067,37.6,1615,2102,0
66.9,0.044,29.6,1504,4266,1
73.26,0.039,39.99,1395,3025,0
57.49,0.057,40.64,2075,3093,0
79.24,0.069,29.35,2012,1186,0
68.15,0.046,30.88,1999,4440,1
64.77,0.071,40.96,1587,2666,0
80.49,0.079,34.27,1956,4588,1
62.96,0.032,23.9,2160,871,0
55.92,0.033,28.0,2064,3772,0
54.43,0.047,33.75,1654,3348,0
76.06,0.056,29.18,1912,1769,0
57.2,0.04,32.93,1904,1656,0
87.55,0.077,35.16,2047,3058,1
49.18,0.058,42.31,1857,1251,0
86.96,0.051,33.55,1509,1317,1
72.11,0.021,40.36,1326,2331,0
69.03,0.024,42.14,1374,4442,1
64.55,0.056,42.17,1333,4044,0
73.99,0.007,36.42,1265,2142,0
69.62,0.07,25.18,1592,805,0
81.03,0.047,37.3,2163,2769,0
71.14,0.115,40.24,1564,2213,1
71.5,0.096,34.59,1478,3077,1
66.36,0.046,43.72,1957,4449,1
69.43,0.048,39.3,1562,4478,1
73.08,0.07,37.84,1948,522,0
52.9,0.084,40.43,1370,2121,0
56.52,0.017,36.67,1250,3893,0
77.43,0.014,22.54,1527,4231,1
71.71,0.038,32.5,2070,630,0
68.16,0.062,40.99,1864,190,0
70.18,0.06,30.96,1791,3472,0
73.48,0.071,33.88,2130,2042,0
64.6,0.026,29.78,1344,3905,0
62.22,0.004,43.92,1473,1340,0
71.96,0.067,43.41,1354,1858,0
60.22,0.033,30.58,2110,197,0
74.08,0.01,35.74,1707,1579,0
52.97,0.053,31.6,2048,4726,1
80.29,0.066,38.07,1562,1932,0
74.73,0.048,37.55,1524,2685,0
72.56,0.041,39.06,2047,3747,0
79.83,0.047,36.66,1854,179,0
86.65,0.043,49.68,1497,4809,1
80.14,0.023,29.86,1693,2323,0
51.59,0.036,26.45,1745,2669,0
57.2,0.06,33.03,1503,1872,0
63.75,0.056,27.16,1666,4618,1
70.26,0.053,27.54,2103,1223,0
75.18,0.03,29.99,1438,3911,0
62.74,0.046,30.39,1849,3574,0
71.87,0.006,30.23,1965,2723,0
62.45,0.054,37.59,1716,1503,0
63.88,0.079,32.47,2083,2678,0
55.93,0.021,34.1,1375,431,0
60.77,0.038,39.47,2084,4848,1
56.48,0.057,31.17,1609,3708,0
60.24,0.075,33.68,1925,839,0
80.54,0.041,36.83,1563,4706,1
60.51,0.036,25.29,1222,141,0
96.32,0.011,23.08,1517,3978,1
74.93,0.052,36.73,1724,2049,0
71.85,0.091,37.46,2104,3560,1
61.42,0.056,45.32,1952,2228,0
77.0,0.05,35.79,1475,4597,1
64.24,0.056,39.1,1803,2254,0
71.22,0.05,34.02,1819,1337,0
95.6,0.034,36.49,2152,1866,1
69.04,0.066,43.34,1428,1941,0
81.49,0.055,24.38,1863,605,0
62.97,0.05,37.07,1307,1941,0
69.65,0.03,45.68,2000,4915,1
87.71,0.076,36.41,2115,1494,1
63.73,0.063,43.25,2155,356,0
88.12,0.039,31.85,1375,1820,1
77.08,0.07,34.84,1519,1171,0
64.38,0.04,35.17,1485,1722,0
76.32,0.034,23.91,2075,2166,0
79.73,0.035,29.16,1528,1169,0
76.22,0.015,29.52,2076,550,0
54.3,0.059,39.11,1952,997,0
62.73,0.013,39.36,1856,4936,1
67.52,0.025,36.62,1555,3828,0
69.26,0.008,39.12,1213,181,0
76.21,0.048,34.18,1474,836,0
71.78,0.047,41.01,1270,4274,1
56.65,0.043,35.04,2026,4044,0
73.8,0.029,35.29,1394,2307,0
76.11,0.027,33.67,2064,4048,0
75.6,0.059,38.42,2011,2102,0
80.81,0.039,32.89,2127,1791,0
78.34,0.056,39.88,2078,1279,0
74.59,0.032,29.34,1722,3035,0
69.3,0.054,29.51,1305,2615,0
53.39,0.076,38.44,1969,561,0
74.3,0.062,34.56,2185,3001,0
72.08,0.042,32.73,2092,216,0
72.72,0.055,39.45,1395,1754,0
57.23,0.045,31.96,1344,4661,1
59.19,0.05,34.0,2176,1898,0
80.53,0.043,42.0,1931,759,0
69.6,0.047,42.7,1549,3337,0
76.82,0.054,42.86,1623,2222,0
70.28,0.03,33.59,1670,3919,0
70.3,0.03,41.15,1885,3443,0
79.38,0.022,30.26,1415,2650,0
64.84,0.018,30.47,1292,4990,1
70.96,0.026,23.25,1459,1686,0
65.38,0.053,43.36,2133,4782,1
65.66,0.032,30.68,1774,2847,0
66.91,0.06,34.37,1740,734,0
72.22,0.051,30.45,1986,2982,0
65.21,0.011,38.48,2058,2911,0
82.56,0.063,33.12,1484,4553,1
61.05,0.066,28.48,1683,4115,0
68.13,0.03,37.21,2130,2839,0
65.6,0.058,27.83,1571,1984,0
84.47,0.033,30.81,1269,1618,0
71.97,0.052,24.47,1578,721,0
80.32,0.025,27.88,1478,4677,1
55.14,0.014,35.89,1942,1637,0
72.67,0.042,25.18,1501,2437,0
78.9,0.048,27.59,1454,2094,0
70.82,0.042,34.99,1883,2170,0
80.65,0.026,32.28,2143,2465,0
64.83,0.042,44.96,1891,2945,0
84.09,0.055,44.17,1463,3138,0
92.99,0.049,30.66,1894,954,1
66.37,0.054,37.79,2033,2828,0
65.54,0.037,38.75,1916,1015,0
84.53,0.073,32.01,1623,231,0
85.8,0.026,27.52,1960,1216,1
64.77,0.06,34.94,1412,3693,0
65.8,0.074,34.14,1870,960,0
67.18,0.06,32.82,2143,393,0
56.56,0.046,37.21,1299,2788,0
60.81,0.039,31.25,2028,1099,0
59.96,0.071,29.24,1311,2396,0
62.32,0.022,35.55,1507,3785,0
69.65,0.031,36.93,1877,386,0
72.34,0.042,29.12,1674,549,0
85.51,0.075,39.64,1747,2438,1
60.02,0.058,26.15,1311,3340,0
79.84,0.031,32.11,1286,2803,0
67.86,0.044,33.71,1382,3216,0
69.51,0.038,31.82,1796,4671,1
76.75,0.036,32.17,1980,352,0
58.77,0.07,44.36,1364,1519,0
73.82,0.023,30.75,2014,2436,0
71.66,0.082,47.21,1289,1335,0
74.92,0.067,37.19,2199,1099,0
72.89,0.072,35.46,1654,3860,0
94.55,0.041,37.38,1437,4216,1
63.62,0.047,47.65,2198,4511,1
64.69,0.021,30.03,1733,2711,0
63.77,0.04,29.4,1878,1546,0
64.45,0.06,31.23,1926,2270,0
63.63,0.076,35.16,1257,3021,0
81.89,0.028,26.37,1741,3783,0
84.21,0.043,35.11,2113,2361,0
64.29,0.047,43.47,1817,2045,0
61.68,0.022,35.76,1601,1953,0
74.71,0.062,33.54,2041,699,0
64.48,0.036,31.91,1878,4987,1
76.33,0.046,39.49,2061,4235,1
72.03,0.041,30.87,1865,3503,0
54.84,0.034,44.23,2038,3090,0
85.48,0.05,44.67,1718,4843,1
87.96,0.046,36.28,1396,4377,1
63.87,0.043,34.94,2032,4460,1
66.12,0.035,40.15,1245,2918,0
72.86,0.056,40.47,1729,962,0
73.34,0.083,30.97,1596,4627,1
76.59,0.053,32.37,1864,4155,0
90.1,0.07,28.39,2199,1319,1
68.23,0.022,37.05,1975,3895,0
62.02,0.053,38.33,1273,4704,1
56.21,0.028,28.25,1615,4642,1
62.69,0.02,32.72,1856,627,0
69.67,0.035,28.26,1813,3022,0
87.95,0.074,30.51,1534,3304,1
64.82,0.069,37.76,2046,1262,0
72.24,0.055,31.33,1832,4864,1
69.84,0.019,33.5,1887,3664,0
81.88,0.046,26.86,1774,946,0
95.27,0.056,35.93,1495,2217,1
64.69,0.054,34.78,1283,3186,0
65.11,0.013,31.36,1214,1870,0
80.44,0.032,34.05,2066,3383,0
76.82,0.049,35.9,1333,1925,0
88.47,0.061,30.93,1677,3423,1
75.84,0.006,27.62,1832,545,0
66.41,0.047,44.03,1518,1125,0
75.91,0.053,31.83,1591,1871,0
81.09,0.067,34.52,1678,1459,0
78.2,0.064,40.05,1839,118,0
75.07,0.062,52.65,1567,660,0
80.67,0.034,28.78,1566,571,0
81.69,0.012,37.25,1487,127,0
83.82,0.042,31.46,2012,659,0
76.49,0.07,32.31,1577,2755,0
68.33,0.078,31.4,1891,3336,0
71.47,0.064,29.37,1662,4653,1
82.07,0.059,34.79,1793,1044,0
61.83,0.058,27.63,1212,4048,0
73.69,0.039,39.73,1735,3756,0
66.07,0.047,35.28,1367,3163,0
70.29,0.083,37.11,1469,2079,0
82.78,0.031,32.67,2187,2816,0
71.91,0.082,33.16,2170,915,0
70.46,0.044,36.44,1269,2426,0
56.4,0.077,29.18,1517,2430,0
77.46,0.022,33.21,1575,1102,0
76.45,0.062,30.7,1288,1642,0
91.63,0.035,30.55,1900,4304,1
66.92,0.022,24.45,1456,1329,0
72.19,0.054,41.7,1416,3405,0
72.49,0.07,31.57,1649,2629,0
85.77,0.033,40.82,2093,1530,1
69.05,0.02,40.34,1743,4012,0
72.79,0.048,28.57,1340,1632,0
76.08,0.048,29.56,1360,1992,0
71.87,0.061,47.8,1231,3224,0
65.54,0.069,43.75,2023,1521,0
71.94,0.049,34.84,1351,490,0
80.74,0.087,36.29,2058,2918,0
59.73,0.054,31.85,1459,1969,0
71.33,0.043,37.16,1927,3060,0
63.0,0.018,31.41,1478,1295,0
81.95,0.045,24.84,1484,2705,0
54.77,0.043,28.39,1809,957,0
64.41,0.069,35.11,2116,3327,0
73.77,0.059,29.34,1741,1616,0
85.66,0.026,34.66,1801,1253,1
69.34,0.053,29.63,1347,942,0
64.45,0.063,31.09,1855,1782,0
88.81,0.081,39.27,1266,394,1
55.52,0.068,36.24,2144,744,0
48.01,0.065,34.95,2068,3733,0
74.4,0.051,39.39,1769,2235,0
64.98,0.058,37.4,2199,210,0
59.79,0.075,42.23,2139,683,0
77.08,0.023,32.7,1992,3325,0
72.44,0.043,32.85,1478,1586,0
64.36,0.035,28.49,1947,4964,1
57.2,0.058,32.86,1642,1748,0
78.72,0.075,39.82,2096,2481,0
76.5,0.038,41.5,2064,205,0
69.01,0.002,39.8,1598,3653,0
88.47,0.042,26.03,1327,1794,1
59.3,0.068,40.42,1536,1833,0
54.74,0.061,25.81,1681,481,0
63.08,0.059,39.49,1920,2836,0
69.54,0.044,33.16,2147,4456,1
72.43,0.024,38.51,1385,1416,0
67.59,0.06,28.34,1368,2802,0
73.52,0.033,40.86,1883,4174,0
57.48,0.094,27.68,1459,4904,1
84.44,0.061,31.66,1916,1006,0
69.18,0.038,30.01,2163,762,0
81.17,0.038,26.23,1846,562,0
73.43,0.048,35.47,1757,3002,0
74.57,0.045,44.03,1706,4780,1
75.7,0.072,48.33,1720,1042,0
74.48,0.054,35.49,1670,257,0
76.43,0.035,40.58,1360,3409,0
83.29,0.088,36.16,1488,1426,0
71.97,0.051,37.49,1539,2817,0
77.09,0.065,33.29,2099,2768,0
69.1,0.038,35.98,2032,2668,0
84.4,0.057,37.69,1701,3492,0
63.24,0.056,32.11,1305,2206,0
88.01,0.012,34.61,2001,4899,1
69.6,0.09,34.71,1674,747,0
55.69,0.076,39.13,2052,3422,0
71.28,0.042,29.67,1799,3038,0
63.19,0.028,34.74,1662,2583,0
78.41,0.057,44.56,1682,4341,1
63.47,0.052,40.82,1903,3006,0
65.54,0.057,41.75,1352,3125,0
51.1,0.054,35.12,2022,1475,0
65.48,0.06,36.6,1848,1923,0
45.76,0.079,40.01,1984,344,0
54.16,0.061,42.8,1348,2448,0
77.6,0.029,25.24,1387,967,0
77.86,0.077,28.42,1852,2961,0
74.25,0.083,41.55,1330,579,0
60.33,0.113,33.62,1651,2562,1
69.52,0.028,31.64,1715,2035,0
69.96,0.055,28.73,1690,3473,0
58.42,0.008,32.22,1675,3121,0
85.03,0.061,27.99,1462,3292,1
78.77,0.039,45.46,1737,187,0
67.79,0.088,34.89,1658,1340,0
70.27,0.035,34.71,1735,672,0
72.08,0.016,37.94,1977,913,0
49.58,0.041,39.81,1940,278,0
67.53,0.01,39.73,1980,1825,0
63.18,0.065,40.37,1836,262,0
59.98,0.009,31.85,1883,2740,0
67.19,0.051,33.51,1945,1105,0
87.98,0.008,38.85,1494,2448,1
76.41,0.044,32.36,2114,2521,0
64.29,0.083,34.97,1634,2855,0
75.73,0.057,36.99,1474,4398,1
83.99,0.033,38.93,1787,4242,1
79.25,0.049,26.11,1507,4658,1
70.6,0.05,38.57,1925,3841,0
63.53,0.059,33.83,2142,4603,1
76.98,0.023,38.54,2196,1317,0
73.93,0.062,38.88,1575,2574,0
78.95,-0.004,43.04,1357,1029,0
76.35,0.037,41.77,2013,416,0
80.5,0.04,41.73,1403,1602,0
64.65,0.063,42.22,2188,520,0
83.17,0.05,36.46,1860,4458,1
71.98,0.022,35.16,1274,1549,0
90.75,0.03,39.36,1579,527,1
63.11,0.054,38.66,1940,496,0
87.36,0.048,33.45,1503,895,1
71.98,0.038,37.02,1261,206,0
63.49,0.04,34.82,1769,4149,0
65.16,0.064,30.73,1985,197,0
66.8,0.04,41.45,1307,2003,0
74.24,0.048,35.28,1386,3670,0
75.23,0.093,45.24,2186,3401,1
64.26,0.022,26.87,1428,142,0
69.76,0.013,32.22,1247,1677,0
91.42,0.066,35.16,2030,4290,1
87.28,0.036,40.69,1467,4383,1
74.36,0.044,37.0,1926,484,0
70.38,0.034,36.55,2001,3571,0
71.2,0.045,29.36,1453,3677,0
76.14,0.082,29.22,2156,3338,0
59.77,0.066,36.61,2069,1796,0
67.43,0.067,28.18,1286,2234,0
53.31,0.022,32.34,1380,3992,0
73.99,0.027,37.5,1224,2636,0
76.47,-0.007,30.09,2157,4421,1
65.17,0.034,43.03,1587,2492,0
85.74,0.069,41.12,1421,4713,1
57.74,0.06,27.14,2189,3915,0
55.36,0.046,30.34,1596,395,0
72.24,0.05,23.57,2137,513,0
80.47,0.036,31.09,1710,2095,0
86.84,0.054,38.83,1760,103,1
65.41,0.065,32.93,2045,277,0
80.79,0.018,37.3,1639,845,0
69.61,0.056,27.39,1374,4454,1
68.27,0.069,38.99,2103,751,0
78.84,0.042,32.22,1510,3989,0
76.52,0.064,35.06,2183,3371,0
54.24,0.106,34.54,1473,2582,1
84.77,0.048,28.64,1234,389,0
83.8,0.058,29.23,1416,902,0
63.74,0.035,39.84,1920,2630,0
73.96,0.054,36.99,1871,333,0
74.94,0.059,40.25,1607,507,0
72.61,0.054,36.62,1718,793,0
64.5,0.03,35.71,1468,1269,0
63.28,0.054,26.37,1837,4757,1
69.74,0.079,33.65,1674,2577,0
81.73,0.059,34.86,2079,531,0
75.44,0.069,44.77,1524,2644,0
66.29,0.045,38.43,1555,1082,0
77.72,0.065,42.68,1289,3260,0
41.51,0.056,37.99,1241,3144,0
81.49,0.031,31.44,1564,4024,0
52.6,0.056,35.59,1870,3412,0
66.38,0.03,36.18,1401,4973,1
58.8,0.037,30.3,1565,4418,1
57.05,0.054,33.08,1993,1788,0
81.61,0.056,33.97,2181,567,0
65.32,0.026,43.03,2043,2716,0
73.47,0.071,24.6,1487,1445,0
69.53,0.061,41.03,1802,2522,0
74.77,0.036,30.32,1680,4607,1
70.77,0.019,28.14,1836,4821,1
57.17,0.047,40.9,1700,1111,0
79.96,0.041,38.66,1837,1777,0
65.06,0.052,41.27,1251,3797,0
54.43,0.043,39.0,2115,4997,1
65.72,0.01,45.3,1302,4166,0
85.01,0.042,37.79,1560,1992,1
78.5,0.044,34.22,1623,2969,0
66.51,0.063,36.71,1898,4450,1
66.51,0.036,41.22,1404,1586,0
66.78,0.084,31.1,1213,3439,0
90.77,0.012,31.74,2139,1516,1
73.82,0.076,33.46,1815,4957,1
74.3,0.046,24.48,1828,2946,0
80.3,0.067,35.69,1669,1457,0
72.39,0.052,25.57,1665,4160,0
67.41,0.073,35.27,1503,4760,1
68.04,0.042,39.33,1804,1491,0
69.28,0.028,32.62,1626,1678,0
69.63,0.078,43.39,1855,3849,0
77.28,0.048,27.7,1309,3725,0
70.52,0.054,40.96,1874,2603,0
77.33,0.075,38.38,1764,3237,0
69.19,0.029,26.42,2129,3009,0
70.79,0.062,48.55,1714,2764,0
50.02,0.038,34.68,1267,499,0
79.16,0.047,30.61,1445,4482,1
73.46,0.051,27.96,1588,4057,0
79.98,0.02,33.9,1849,2333,0
41.04,0.034,34.36,1507,1639,0
90.88,0.077,35.51,2124,336,1
68.6,0.068,33.51,1551,1027,0
81.08,0.049,38.17,1998,4609,1
59.6,0.055,33.06,1265,519,0
76.13,0.044,25.33,1659,4224,1
59.47,0.077,34.25,1546,2495,0
63.76,0.046,23.16,1524,760,0
89.14,0.055,36.77,2132,2723,1
68.09,0.073,30.1,1866,4050,0
72.17,0.034,35.82,1798,549,0
78.7,0.081,41.57,1232,479,0
74.96,0.019,30.26,1267,1350,0
71.5,0.083,40.31,1386,2559,0
73.65,0.043,32.83,1391,3098,0
94.03,0.045,43.77,1412,4551,1
69.42,0.012,33.17,1799,2401,0
72.01,0.041,30.8,1627,826,0
80.51,0.029,38.44,1550,1567,0
81.06,0.038,32.82,1307,2828,0
81.87,0.047,30.79,1439,3252,0
76.39,0.069,32.61,1415,3620,0
58.57,0.054,34.78,1376,3454,0
86.33,0.056,41.71,1764,515,1
58.54,0.028,25.33,1529,699,0
73.03,0.032,35.12,1760,3174,0
62.46,0.086,38.12,2080,4274,1
69.36,0.035,35.97,1825,1667,0
73.29,0.083,41.55,1649,1194,0
73.21,0.045,34.63,1806,3043,0
74.22,0.05,34.08,1646,4253,1
86.14,0.071,37.96,1736,1547,1
74.54,0.075,35.5,1843,1592,0
67.56,0.048,33.05,1378,2771,0
79.64,0.042,37.58,1594,1558,0
81.89,0.049,31.74,1344,1308,0
57.72,0.057,31.94,2075,2312,0
75.97,0.068,32.36,2161,1454,0
77.01,0.05,41.77,1397,312,0
67.02,0.062,18.89,2168,3994,0
83.76,0.083,36.98,2036,4702,1
68.5,0.058,35.17,1283,3063,0
71.26,0.056,26.6,1868,2948,0
68.27,0.02,36.55,1284,3142,0
70.16,-0.003,37.38,1656,3134,0
59.04,0.058,37.95,1675,1832,0
55.6,0.048,21.74,1452,3181,0
85.95,0.04,41.83,2086,1370,1
61.53,0.055,31.31,1271,4968,1
60.09,0.049,38.43,1422,1629,0
48.47,0.073,38.71,1475,1181,0
63.61,0.052,30.62,1994,3631,0
56.77,0.035,38.3,1975,1251,0
86.42,0.07,33.07,1445,1822,1
80.1,0.046,24.64,1540,816,0
63.12,0.061,40.84,1772,4299,1
92.52,0.04,31.12,2123,2290,1
79.82,0.037,30.73,1670,304,0
66.75,0.052,32.98,1653,3929,0
45.01,0.05,36.36,1970,3209,0
92.91,0.06,34.71,2164,4194,1
56.1,0.045,37.74,2168,1432,0
53.55,0.013,28.3,1206,2148,0
80.23,0.041,31.29,1387,1949,0
94.4,0.066,34.42,1203,4942,1
83.84,0.044,44.49,1942,1337,0
75.64,0.045,34.43,1844,2118,0
75.95,0.07,40.43,2106,617,0
78.53,0.036,35.19,1324,1538,0
77.59,0.019,32.58,1214,4186,0
72.81,0.047,33.77,2159,2152,0
71.04,0.04,34.16,2193,4468,1
69.37,0.031,38.02,1724,4617,1
62.46,0.046,41.87,1829,2412,0
67.19,0.06,36.8,1439,2359,0
53.07,0.05,40.94,1974,3249,0
69.02,0.056,30.18,1559,881,0
60.11,0.086,32.93,1717,2813,0
58.96,0.043,31.38,2151,1344,0
71.8,0.056,36.57,1519,2516,0
83.92,0.04,33.21,1430,1075,0
79.18,0.033,38.65,2145,3591,0
54.29,0.038,30.34,1229,3525,0
60.1,0.04,35.22,1733,516,0
79.41,0.057,38.43,2120,314,0
60.18,0.097,24.67,1355,4078,1
67.75,0.036,45.61,1829,1235,0
75.5,0.042,33.58,2051,3875,0
60.32,0.049,24.87,2134,1682,0
71.05,0.058,35.79,2162,4623,1
56.66,0.055,35.17,2100,832,0
63.99,0.076,34.59,1904,2846,0
73.2,0.001,39.96,1598,2363,0
54.07,0.002,38.74,1545,4608,1
74.4,0.04,36.49,1394,3904,0
69.8,0.072,37.25,1367,2527,0
75.52,0.019,34.48,1576,331,0
72.24,-0.01,43.88,1688,4453,1
83.64,0.061,27.6,1950,502,0
71.25,0.055,35.7,1561,4965,1
65.71,0.028,35.33,1681,164,0
71.22,0.03,39.07,1443,2337,0
75.43,0.031,30.78,1780,1049,0
70.49,0.052,26.28,1806,272,0
70.41,0.037,35.78,1788,2775,0
62.98,0.06,36.41,1370,1350,0
63.37,-0.007,42.45,1712,3148,0
55.97,0.033,28.65,1605,4105,0
87.5,0.027,40.77,1773,737,1
57.56,0.045,46.84,1406,1048,0
63.07,0.039,33.11,1353,2360,0
62.82,0.066,28.55,1985,1794,0
78.95,0.013,32.97,1247,4947,1
67.05,0.051,35.07,1848,4857,1
82.48,0.061,37.82,1200,242,0
63.27,0.087,32.04,1946,4681,1
72.79,0.04,42.78,2104,1560,0
61.65,0.056,29.43,1967,3987,0
91.45,0.014,26.3,1606,392,1
58.12,0.002,40.53,1306,1743,0
73.1,0.067,23.63,1372,2818,0
76.34,0.05,33.98,1705,937,0
74.14,0.074,50.59,1329,1137,0
68.15,0.023,34.94,1597,371,0
68.7,0.06,29.4,1493,2058,0
70.44,0.087,34.71,1751,2469,0
68.53,0.058,34.75,1646,905,0
79.64,0.056,35.8,2049,3274,0
92.11,0.05,38.31,1215,982,1
64.43,0.019,29.8,1838,931,0
56.3,0.077,43.44,2084,3271,0
69.12,0.038,36.23,1548,2291,0
95.8,0.06,38.63,1402,2140,1
61.96,0.019,31.86,1333,1694,0
86.39,0.026,41.43,1970,1726,1
86.78,0.079,33.71,1725,3684,1
64.46,0.043,36.39,1707,373,0
75.69,0.079,30.33,1265,689,0
86.28,0.048,30.02,1679,2800,1
66.21,0.013,38.44,2062,682,0
67.96,0.068,32.78,1658,3733,0
64.18,0.038,30.73,1541,2090,0
59.85,0.064,31.78,1906,1358,0
63.51,0.051,38.49,1825,2966,0
57.76,0.019,31.85,1358,3838,0
70.34,0.053,34.41,1360,671,0
62.3,0.094,35.08,1453,644,1
72.34,0.06,25.41,2183,4322,1
54.44,0.049,27.64,2096,4928,1
73.31,0.072,36.68,2139,4612,1
78.34,0.054,31.31,1726,737,0
50.06,0.054,40.28,1748,140,0
73.74,0.028,39.83,1354,4982,1
82.28,0.055,38.6,1685,4492,1
57.9,0.071,44.1,1631,1720,0
86.73,0.033,34.58,1226,3772,1
74.19,0.078,38.24,1211,4237,1
62.95,0.048,32.08,1266,4228,1
69.44,0.032,47.26,1741,1399,0
75.58,0.07,44.92,1295,4811,1
70.76,0.044,35.06,1414,259,0
75.39,0.065,36.93,1393,2052,0
60.79,0.044,41.8,1846,1831,0
71.69,0.049,34.26,1489,2546,0
55.86,0.06,31.72,1743,3262,0
68.89,0.056,39.37,2084,1832,0
60.96,0.01,35.39,1238,680,0
62.64,0.028,35.91,2063,319,0
82.36,0.069,30.83,2138,4574,1
80.91,0.047,26.41,2138,1849,0
76.09,0.04,36.18,1405,1570,0
59.08,0.023,39.52,2098,4428,1
66.84,0.028,33.87,2141,1494,0
82.13,0.01,42.18,2127,1021,0
71.42,0.048,31.48,1754,2873,0
93.19,0.038,29.73,1683,4562,1
73.93,0.031,34.66,1536,4676,1
71.92,0.049,34.59,1695,3534,0
66.91,0.057,38.85,1970,3682,0
71.34,0.092,31.13,1448,1218,1
68.48,0.02,41.84,1273,1965,0
77.08,0.073,44.83,1572,4411,1
79.57,0.069,34.8,2030,824,0
62.14,0.034,41.25,2078,811,0
56.69,0.054,29.72,2007,1925,0
51.64,0.041,40.38,1985,4026,0
75.08,0.054,40.24,2034,490,0
58.97,0.08,39.32,2070,1170,0
48.47,0.062,34.92,1901,4587,1
73.89,0.06,20.23,1337,2865,0
94.93,0.041,31.79,2147,4580,1
69.94,0.02,31.87,1656,2528,0
78.38,0.046,30.11,2013,4594,1
70.82,0.074,35.61,2022,2247,0
69.01,0.019,32.91,2141,3672,0
79.19,0.029,30.88,2042,4578,1
67.1,0.053,29.71,1643,2854,0
72.67,0.03,31.42,1552,3363,0
73.22,0.034,40.61,2195,3925,0
63.32,0.042,31.69,1993,3516,0
79.92,0.023,32.43,1610,2157,0
68.25,0.031,32.72,1877,2411,0
62.44,0.064,36.69,1989,2979,0
75.37,0.024,37.28,1737,3742,0
61.02,0.018,19.78,2181,2709,0
70.28,0.037,40.11,1652,1530,0
69.91,0.065,42.18,1618,2013,0
80.86,0.046,29.75,1649,857,0
74.75,0.041,30.14,2194,2234,0
69.75,0.051,32.75,1784,2012,0
78.18,0.015,31.22,1314,1839,0
83.9,0.06,36.12,1250,3317,0
75.58,0.058,25.27,1568,4856,1
70.1,0.042,29.41,2113,1234,0
56.88,0.07,42.7,1882,3812,0
59.35,0.027,30.36,1979,864,0
66.95,0.073,41.22,1714,2825,0
63.9,0.053,36.78,1409,3468,0
68.13,0.043,25.95,2087,3597,0
70.57,0.05,38.18,2197,1772,0
75.3,0.048,34.41,2102,3505,0
69.3,0.074,32.72,2192,682,0
74.87,0.028,36.22,2101,4866,1
70.64,0.035,37.37,2049,4733,1
50.25,0.071,38.54,2012,1921,0
60.61,0.038,40.89,2094,1285,0
68.56,0.068,37.04,2053,4625,1
57.9,0.084,28.12,1826,1737,0
76.0,0.042,32.63,1878,2280,0
85.31,0.064,49.72,1634,288,1
82.19,0.027,38.62,1976,1846,0
67.87,0.065,46.85,1426,3926,0
84.91,0.054,41.98,1862,2720,0
71.49,0.059,36.21,1467,4045,0
66.63,0.037,36.51,1315,2426,0
63.87,0.017,34.82,1799,1284,0
66.98,0.06,26.31,2029,2893,0
66.12,0.009,35.09,1953,3046,0
71.7,0.044,41.05,1559,2600,0
71.61,0.069,32.0,1528,269,0
70.03,0.054,37.06,2044,2845,0
74.37,0.089,39.26,1239,1180,0
81.91,0.071,30.45,1381,1363,0
79.5,0.037,32.74,1689,4964,1
55.15,0.051,29.91,1408,4553,1
44.46,0.049,30.89,2102,2348,0
79.34,0.018,28.56,1472,4008,0
56.33,0.031,30.5,1318,1425,0
67.75,0.039,42.1,1581,3277,0
58.3,0.009,30.42,2145,3973,0
51.98,0.051,35.63,1735,2248,0
75.41,0.045,32.49,1457,1788,0
77.59,0.017,40.89,1682,3085,0
64.23,0.058,41.56,1708,2176,0
44.09,0.064,39.32,1291,1629,0
64.54,0.055,36.53,2178,1561,0
73.92,0.044,33.84,1360,1502,0
55.21,0.062,29.04,1348,172,0
71.83,0.064,44.72,1316,4449,1
69.85,0.056,31.2,1657,4134,0
75.79,0.034,38.32,1764,4711,1
71.2,0.056,40.3,2013,2896,0
60.27,0.074,32.22,1244,4616,1
81.97,0.038,40.19,1976,2593,0
68.41,0.092,38.82,2197,4331,1
69.73,0.039,43.64,1973,3676,0
60.67,0.051,32.65,2018,132,0
65.57,0.037,28.57,1433,2794,0
61.15,0.054,32.47,1574,4473,1
68.27,0.015,36.04,1746,4945,1
87.12,0.039,35.29,2049,3698,1
56.28,0.028,33.03,2148,2492,0
53.86,0.053,25.45,2114,4212,1
84.71,0.07,37.35,1396,2971,0
67.91,0.063,44.86,1224,2777,0
63.31,0.003,37.32,1594,1501,0
80.4,0.091,38.05,1913,917,1
63.94,0.056,37.86,1984,1760,0
88.26,0.034,36.99,1235,4662,1
76.78,0.053,39.66,1673,4823,1
65.12,0.054,36.98,1422,2538,0
91.57,0.037,33.44,2063,3083,1
63.94,0.054,31.02,1988,1310,0
77.42,0.038,33.76,1729,699,0
72.99,0.042,36.57,1387,1946,0
83.02,0.036,33.42,1601,1955,0
85.62,0.021,36.57,1456,1987,1
70.32,0.053,37.2,1853,779,0
62.47,0.062,39.17,1335,3352,0
74.6,0.06,41.41,2161,1935,0
63.22,0.066,35.39,2018,4130,0
90.13,0.056,28.46,1790,2277,1
71.37,0.039,33.27,1643,248,0
66.35,0.067,35.22,1617,1595,0
71.85,0.023,25.82,1491,1844,0
56.53,0.032,41.94,1773,1746,0
60.28,0.031,35.71,1328,3095,0
82.0,0.072,36.91,1540,1772,0
63.43,0.069,41.83,2009,2039,0
59.53,0.06,31.85,1456,757,0
75.37,0.071,37.87,2191,3767,0
81.86,0.032,34.45,1923,1153,0
77.19,0.057,34.08,1765,4171,0
79.96,0.047,31.14,1886,676,0
62.43,0.067,43.33,1299,3195,0
55.78,0.048,33.12,1238,3131,0
85.01,0.042,38.5,2125,4918,1
66.77,0.061,25.62,1462,4879,1
67.49,0.068,40.9,1349,4937,1
83.28,0.037,40.26,1832,3072,0
75.56,0.049,35.49,1889,4048,0
74.56,0.029,33.87,2012,2145,0
91.65,0.0,37.0,1529,4036,1
63.56,0.054,46.44,1319,3048,0
79.28,0.062,26.18,1783,1727,0
70.57,0.055,38.91,1418,1588,0
72.69,0.011,30.44,2105,4245,1
85.28,0.043,34.9,2109,4298,1
75.08,0.006,33.76,2013,4563,1
75.38,0.077,32.86,1322,1035,0
80.73,0.028,34.95,1443,3663,0
66.35,0.075,29.33,2085,3729,0
61.61,0.069,40.15,1786,1814,0
59.55,0.032,26.03,1717,1902,0
50.34,0.027,37.7,1220,1520,0
90.56,0.057,33.37,1389,3691,1
58.97,0.033,29.15,1424,3620,0
67.79,0.052,36.01,2114,3411,0
67.23,0.04,27.22,1814,2405,0
73.07,0.014,35.2,2055,2095,0
78.16,0.005,27.89,1665,2067,0
78.6,0.055,37.31,1298,3814,0
64.17,0.039,30.38,2029,4135,0
68.33,0.039,32.75,1562,4585,1
72.83,0.064,36.47,2196,4968,1
67.51,0.073,31.14,1282,3558,0
86.07,0.045,34.71,1892,493,1
74.91,0.043,27.43,1863,4878,1
77.35,0.06,38.15,1255,3830,0
76.63,0.023,43.82,1901,4465,1
81.73,0.054,48.96,2129,4344,1
71.81,0.061,35.46,1221,127,0
57.03,0.064,38.94,1779,3591,0
74.0,0.011,26.1,1384,4361,1
63.49,0.035,42.51,1721,1273,0
64.71,0.032,38.88,1777,438,0
75.86,0.052,32.58,1463,1168,0
82.38,0.06,41.19,1424,941,0
70.21,0.08,33.73,1834,4384,1
73.09,0.04,32.71,1237,4846,1
87.02,0.04,37.38,1322,393,1
72.41,0.073,29.68,2029,1957,0
96.02,0.056,40.11,1355,1422,1
75.66,0.075,29.72,2105,1747,0
52.39,0.056,29.75,1500,4998,1
77.53,0.027,30.45,2032,3720,0
73.81,0.023,38.8,2193,4626,1
82.9,0.019,31.92,1266,3194,0
76.73,0.063,28.26,2104,3591,0
68.62,0.074,31.97,1844,3595,0
57.76,0.087,34.84,2073,4682,1
67.91,0.067,29.1,1593,3901,0
61.49,0.073,29.24,1851,188,0
64.19,0.038,45.56,1793,4466,1
75.89,0.027,30.7,1769,2056,0
86.7,0.067,33.38,1860,999,1
73.95,0.058,33.16,1604,3577,0
58.04,0.052,32.89,1648,1844,0
74.45,0.058,38.11,1330,4473,1
81.97,0.056,39.74,1268,2353,0
63.9,0.076,33.47,1544,3761,0
68.66,0.076,28.82,1961,3060,0
70.15,0.061,41.37,1519,1733,0
62.15,0.067,34.52,1376,961,0
76.48,0.06,43.65,1783,4801,1
68.79,0.041,23.77,1728,1113,0
74.2,0.065,35.98,2040,3399,0
61.13,0.022,44.59,1359,1606,0
65.63,0.071,33.23,1781,3305,0
77.22,0.026,33.87,1824,4903,1
66.27,0.056,36.48,1943,1077,0
87.27,0.033,32.21,1732,3561,1
66.0,0.061,33.44,1334,1917,0
72.25,0.049,33.31,1974,3784,0
79.33,0.018,31.86,1310,4158,0
55.82,0.058,41.14,2198,2734,0
52.39,0.038,37.31,1957,4915,1
54.74,0.068,36.25,1482,3766,0
82.63,0.05,39.04,1719,1048,0
64.48,0.058,33.68,2168,573,0
95.58,0.031,31.13,1995,667,1
64.36,0.038,31.99,1918,3532,0
71.85,0.041,35.01,1393,4123,0
85.42,0.067,29.7,2166,2358,1
90.06,0.084,32.5,1246,3244,1
90.62,0.034,32.42,2177,4410,1
82.08,0.072,45.62,1541,2082,0
80.24,0.007,21.13,1441,1196,0
75.93,0.026,34.1,1721,3670,0
77.78,0.031,43.63,1569,3490,0
64.49,0.023,35.61,2000,2772,0
61.82,0.018,38.77,2102,3746,0
69.97,0.058,35.5,1330,2519,0
68.3,0.046,31.66,1469,4379,1
65.47,0.058,23.79,2139,3448,0
76.96,0.064,36.03,2013,773,0
79.55,0.055,31.12,1260,2902,0
70.88,0.063,31.0,1363,2469,0
84.78,0.049,32.51,1724,4630,1
58.58,0.026,43.72,1471,1166,0
68.06,0.071,47.02,1919,787,0
62.83,0.038,36.09,1957,168,0
51.33,0.031,32.68,1332,2203,0
69.17,0.046,29.11,1443,519,0
68.78,0.032,37.34,2184,4098,0
85.13,0.042,43.91,2005,2697,1
76.31,0.057,33.76,2197,4438,1
59.76,0.057,23.11,1633,2224,0
88.54,0.032,38.35,1237,3992,1
82.21,0.04,39.93,2070,539,0
75.82,0.071,27.07,1767,1386,0
67.74,0.06,35.88,1518,1308,0
60.41,0.092,37.26,1709,1178,1
66.28,0.074,34.63,1575,2663,0
80.89,0.073,31.05,1759,3723,0
88.85,0.022,40.08,1816,1353,1
85.43,0.065,32.98,1673,3457,1
65.11,0.049,27.57,1258,3309,0
58.8,0.039,24.75,1788,3649,0
71.41,0.053,41.3,2139,714,0
52.32,0.069,38.08,1698,3178,0
73.23,0.06,35.44,1417,2823,0
68.52,0.032,32.8,2094,3590,0
65.34,0.065,32.36,1766,3643,0
54.05,0.037,29.62,1766,4615,1
75.14,0.054,32.84,1328,2000,0
64.67,0.044,24.4,2103,4471,1
58.3,0.046,31.32,1582,1812,0
41.28,0.065,33.45,1587,2429,0
69.72,0.029,38.05,1284,3719,0
87.72,0.089,34.8,1709,1294,1
86.61,0.014,38.97,1925,1478,1
65.43,0.038,41.75,1826,1412,0
63.98,0.057,40.29,1636,3015,0
74.69,0.062,37.35,2025,849,0
60.02,0.048,35.06,1492,400,0
73.02,0.049,30.1,1248,4795,1
77.66,0.058,38.7,1266,4082,0
82.27,0.045,43.4,1986,4724,1
69.0,0.078,36.71,1328,3937,0
67.96,0.067,44.59,1228,377,0
61.22,0.067,27.37,1542,4858,1
61.73,0.031,29.23,1744,2658,0
67.74,0.048,39.28,1318,4017,0
73.67,0.044,36.32,1891,2261,0
79.14,0.03,41.57,2136,4775,1
61.97,0.057,34.92,1862,1489,0
84.93,0.039,30.66,1332,790,0
67.29,0.063,33.93,1526,4832,1
69.79,0.029,27.34,1384,3568,0
62.53,0.084,29.36,1705,1948,0
45.76,0.032,39.86,1845,3916,0
78.84,0.054,39.36,1888,1039,0
77.37,0.066,36.82,1733,3282,0
67.19,0.039,26.39,1440,3409,0
70.67,0.067,33.21,1788,2150,0
75.16,0.025,28.88,1915,1846,0
54.37,0.079,40.88,1715,2551,0
64.71,0.05,32.08,2039,124,0
77.94,0.038,29.57,2159,2656,0
57.46,0.044,35.15,1364,160,0
72.94,0.066,31.8,2126,222,0
56.43,0.038,42.42,2132,2202,0
74.66,0.035,31.33,1839,1286,0
69.64,0.046,28.0,1756,1830,0
53.85,0.026,24.24,1417,4741,1
81.65,0.086,34.85,1946,4189,0
62.65,0.039,32.19,1847,2572,0
61.9,0.067,27.86,1879,3065,0
72.01,0.054,40.95,2192,2377,0
81.49,0.03,38.34,1948,4187,0
59.84,0.05,34.86,1804,3064,0
70.62,0.066,41.82,1204,1410,0
74.29,0.046,38.31,1867,254,0
76.93,0.074,30.89,1956,2312,0
71.76,0.07,29.8,2071,3353,0
66.33,0.068,39.09,1280,1362,0
61.72,0.041,36.98,1446,1462,0
70.86,0.028,35.85,2054,1037,0
59.28,0.038,30.77,1692,611,0
40.79,0.054,38.04,1848,286,0
74.37,0.061,31.22,1585,1945,0
79.04,0.007,34.49,1774,1802,0
46.37,0.05,42.23,2191,490,0
59.9,0.053,31.7,1506,754,0
76.19,0.044,27.14,1827,4371,1
90.57,0.076,29.74,1824,2921,1
70.21,0.058,39.97,1742,863,0
62.72,0.076,36.27,1206,3500,0
68.17,0.046,34.36,2125,4906,1
83.75,0.069,32.45,2153,3367,0
63.54,0.083,37.43,1714,1185,0
62.01,0.076,30.75,2018,2029,0
65.17,0.028,36.53,1954,4476,1
60.47,0.045,31.34,1767,2063,0
71.23,0.043,30.51,1272,1885,0
86.25,0.06,31.81,1209,2374,1
73.23,0.064,33.12,1772,2786,0
67.48,0.033,34.76,1761,3068,0
67.08,0.051,36.18,1321,4672,1
54.37,0.01,16.56,1886,815,0
78.83,0.079,30.96,2185,342,0
69.22,0.04,33.04,1712,4015,0
68.2,0.051,42.53,2189,1623,0
101.93,0.044,29.6,1640,937,1
72.99,0.073,35.81,1237,3423,0
62.48,-0.007,42.48,1901,3053,0
65.74,0.05,28.44,1790,1445,0
81.48,0.048,36.97,1544,2523,0
71.13,0.041,30.99,2165,2128,0
55.62,0.085,32.48,1537,1532,0
79.19,0.032,30.98,2160,339,0
63.32,0.065,31.34,1901,238,0
88.73,0.057,48.61,1383,3293,1
80.8,0.075,39.22,1266,519,0
65.53,0.037,40.51,1216,403,0
82.81,0.035,37.46,1582,2262,0
70.68,0.072,26.97,1567,2126,0
78.53,0.059,36.97,2103,4202,1
74.85,0.019,40.36,1515,2326,0
61.54,0.039,30.73,1696,1268,0
63.56,0.058,39.83,2007,515,0
80.3,0.067,38.52,1920,2813,0
66.65,0.036,44.26,1544,249,0
65.96,-0.008,32.91,2157,2544,0
60.45,0.06,29.51,1752,938,0
74.24,0.026,33.19,2107,1796,0
90.63,0.01,42.18,2188,4439,1
59.32,-0.007,25.86,1672,2010,0
70.24,0.066,24.66,1314,1521,0
84.12,0.053,35.45,1299,3101,0
69.2,0.045,32.79,2084,1420,0
74.52,0.078,35.04,1637,4135,0
59.38,0.063,39.73,1544,1623,0
74.28,0.082,32.24,1548,3978,0
68.13,0.022,25.63,1338,652,0
79.86,0.049,45.22,2027,3856,0
81.87,0.018,30.01,1523,3771,0
95.9,0.045,29.7,2045,581,1
75.8,0.045,40.52,1501,699,0
73.26,0.063,33.08,1493,1264,0
71.94,0.051,34.68,2156,4778,1
66.47,0.062,37.41,1728,4332,1
73.38,0.064,40.42,2033,1103,0
67.05,0.093,33.33,2167,2082,1
71.68,0.044,42.6,1491,1734,0
83.18,0.031,24.32,1273,3097,0
59.93,0.055,38.8,1974,786,0
81.4,0.034,30.8,1683,3514,0
83.17,0.08,41.86,1215,1859,0
68.82,0.044,35.71,1725,2580,0
48.78,0.039,31.64,1535,1437,0
63.92,0.041,38.31,1992,214,0
82.97,0.064,39.47,2072,4057,0
69.77,0.047,38.21,1715,668,0
60.01,0.037,29.85,2124,1653,0
64.95,0.083,32.58,1326,2789,0
78.41,0.033,34.98,2023,4690,1
75.47,0.051,34.79,1717,3440,0
67.61,0.063,38.75,1328,3088,0
66.33,0.017,24.93,1710,3251,0
66.08,0.06,36.67,1622,3627,0
60.78,0.029,33.55,1584,3115,0
86.15,0.066,30.81,2082,921,1
66.78,0.031,31.29,1431,3674,0
82.17,0.064,33.93,2158,3887,0
85.21,0.072,16.99,2024,1708,1
79.98,0.067,31.49,1394,659,0
65.68,0.055,30.62,1264,4163,0
74.04,0.045,37.66,2032,4535,1
69.76,0.038,30.97,1814,711,0
60.96,0.079,33.92,1476,2263,0
73.24,0.036,42.71,1869,1981,0
58.21,0.029,39.97,1423,4269,1
81.88,0.063,39.51,2000,3963,0
65.35,0.034,32.5,2143,3808,0
72.01,0.031,37.72,1477,1809,0
72.83,0.021,33.83,2189,1861,0
67.41,0.04,34.02,1893,1792,0
75.87,0.048,37.05,1565,1345,0
65.25,0.055,32.02,1715,225,0
78.71,0.069,42.47,1414,4852,1
56.54,0.061,34.2,1638,1299,0
71.26,0.046,38.09,1627,2811,0
89.39,0.046,42.28,1928,3546,1
60.0,0.06,40.16,1595,1090,0
63.22,0.075,27.96,1408,3165,0
75.14,0.053,37.22,1700,1621,0
71.8,0.041,39.25,1662,4828,1
73.51,0.03,39.46,1785,2598,0
74.89,0.021,29.43,1426,2665,0
76.35,0.063,31.71,1574,4890,1
81.1,0.062,39.97,1699,2697,0
74.1,0.062,31.19,2147,215,0
67.59,0.047,33.5,1292,1131,0
76.73,0.078,42.88,1659,1341,0
89.0,0.04,34.76,1776,1842,1
68.67,0.069,31.37,1520,3738,0
60.25,0.049,30.61,1209,4499,1
81.07,0.038,36.66,2113,4190,0
68.8,0.062,28.33,1502,2075,0
48.27,0.058,33.76,1521,4283,1
78.47,0.057,36.67,2016,4503,1
64.65,0.052,41.5,1655,4997,1
69.09,0.049,38.34,1477,263,0
73.32,0.098,31.43,1797,3410,1
71.9,0.074,40.89,1737,3488,0
77.09,0.064,33.5,1929,1095,0
65.65,0.052,28.82,1592,1977,0
75.13,0.07,34.14,2116,1923,0
67.4,0.06,42.19,1294,2395,0
77.39,0.051,35.83,1955,3364,0
76.15,0.044,35.06,2158,1448,0
60.65,0.048,43.19,1306,1903,0
80.86,-0.013,27.84,1589,2351,0
64.64,0.054,28.57,1959,3000,0
78.08,0.04,26.92,1725,1693,0
73.67,0.082,36.86,1872,532,0
88.38,0.05,35.83,1270,3917,1
67.77,0.026,42.71,1863,1170,0
66.51,0.049,36.22,2168,4700,1
69.81,0.029,32.98,1786,214,0
66.97,0.059,35.01,1575,1539,0
78.0,0.056,35.59,1926,1890,0
53.84,0.069,26.64,1567,1094,0
59.46,0.034,48.55,1250,4418,1
59.32,0.051,37.6,2097,4831,1
79.5,0.023,36.05,1342,4867,1
87.11,0.064,38.08,1618,1057,1
68.96,0.06,38.55,1747,195,0
68.31,0.06,34.3,1699,2254,0
70.7,0.05,31.84,2085,731,0
81.62,0.058,38.0,2187,3784,0
60.73,0.082,36.93,1366,1801,0
72.38,0.044,30.95,1947,797,0
79.75,0.053,42.1,1459,131,0
75.01,0.028,36.47,1391,4974,1
71.9,0.033,38.65,1401,648,0
80.01,0.052,41.96,1973,2348,0
42.97,0.072,35.11,1384,1993,0
76.78,0.045,36.58,1357,2934,0
63.46,0.045,39.05,1957,1803,0
51.69,0.042,31.38,1821,1256,0
75.11,0.039,35.27,1298,443,0
83.74,0.056,35.63,1440,4172,0
68.63,0.02,30.22,1690,3562,0
79.53,0.076,46.59,1401,2348,0
86.12,0.037,27.96,1833,1044,1
83.15,0.064,28.51,1708,3980,0
86.4,0.025,41.57,1828,2150,1
77.42,0.063,38.57,1295,3385,0
70.75,0.063,29.87,1945,2955,0
53.98,0.058,38.04,1689,1430,0
67.54,0.03,42.34,1778,2103,0
61.57,0.055,34.85,2087,3715,0
91.71,0.026,47.99,1417,1887,1
68.24,0.045,26.38,1726,2346,0
71.23,0.071,38.47,1472,3772,0
75.51,0.066,40.83,1418,2255,0
70.44,0.05,39.46,1985,3579,0
86.95,0.031,33.98,2082,3120,1
63.77,0.063,33.55,1858,151,0
71.95,0.05,37.22,1531,2259,0
62.58,0.004,39.08,2055,4490,1
56.8,0.066,38.01,1652,3751,0
63.88,0.05,40.2,1351,4015,0
69.63,0.074,29.91,1546,2212,0
65.71,0.028,33.86,2015,2721,0
63.08,-0.014,30.3,1613,4660,1
55.94,0.056,33.07,1726,4829,1
69.17,0.056,40.08,1630,1454,0
54.95,0.016,35.54,1578,3854,0
77.6,0.03,48.03,2197,309,0
70.82,0.105,35.97,2094,337,1
55.42,0.044,35.3,1627,435,0
66.91,0.065,35.53,2065,3938,0
62.48,0.037,31.81,2122,1676,0
73.19,0.008,34.71,1283,599,0
83.4,0.047,40.64,1391,1664,0
51.25,0.045,35.57,1240,890,0
71.15,0.042,31.03,2063,3640,0
68.4,0.048,30.37,2035,3222,0
76.71,0.055,32.75,1972,1235,0
72.13,0.047,35.37,1508,4044,0
62.48,0.025,40.97,1577,2448,0
66.81,0.06,28.3,1335,4424,1
62.04,0.011,33.4,1989,249,0
80.76,0.009,35.72,1305,3306,0
70.21,0.065,25.83,1718,3628,0
89.01,0.06,30.83,2117,1724,1
69.39,0.049,31.6,2013,2674,0
62.92,0.022,31.02,1741,4528,1
54.86,0.036,35.96,1325,4369,1
51.97,0.045,34.2,1556,3384,0
54.16,0.018,32.22,1599,2208,0
72.67,0.035,37.14,1278,4047,0
75.09,0.063,43.62,1588,2363,0
54.19,0.079,43.2,1778,1712,0
78.95,0.042,25.39,1734,3915,0
65.17,0.065,37.89,1900,4819,1
71.47,0.012,34.11,1273,677,0
86.12,0.063,35.78,1204,522,1
78.97,0.034,33.01,2118,2863,0
67.31,0.056,35.59,1662,1329,0
61.09,0.045,35.76,1281,3276,0
48.48,0.076,32.11,1736,853,0
62.81,0.033,30.52,1975,4942,1
67.89,0.063,32.76,2190,787,0
60.13,0.044,36.17,1604,822,0
68.69,0.047,37.99,1713,846,0
70.77,0.046,39.27,1477,4437,1
67.75,0.033,32.53,2039,2812,0
63.5,0.05,36.42,2054,807,0
71.69,0.049,39.81,1423,534,0
74.42,0.055,40.83,1783,4976,1
59.1,0.052,34.71,1267,583,0
84.11,0.066,33.9,1519,3618,0
69.01,0.068,35.96,1805,1633,0
70.19,0.029,29.25,1218,269,0
77.08,0.067,34.03,1839,1120,0
72.33,0.026,38.72,1542,947,0
79.53,0.062,38.21,1793,795,0
72.87,0.062,33.65,1965,3446,0
63.88,0.012,36.09,2148,4113,0
73.62,0.052,30.88,1932,131,0
58.56,0.041,38.52,1542,276,0
71.09,0.035,34.61,1296,3064,0
69.67,0.077,33.62,1251,2212,0
67.92,0.037,33.19,1374,3986,0
68.71,0.034,34.69,1537,1602,0
51.18,0.052,32.76,1893,2415,0
64.51,0.064,38.29,2139,2744,0
70.93,0.047,33.02,1552,165,0
71.6,0.073,42.96,1590,4328,1
59.72,0.061,42.33,1314,2028,0
82.66,0.006,30.54,1547,684,0
61.34,0.039,35.35,1200,1848,0
79.69,0.039,31.75,1262,2304,0
74.27,0.06,33.37,1959,3730,0
63.54,-0.002,45.01,1942,1992,0
87.75,0.101,33.46,1425,2529,1
58.06,0.061,36.8,1622,3193,0
79.19,0.053,37.71,1218,1073,0
80.01,0.074,30.0,1230,4124,0
63.29,0.097,30.72,2044,2742,1
83.92,0.067,28.97,1832,1542,0
67.5,0.069,30.57,1223,4429,1
72.89,0.053,20.75,2036,1577,0
72.6,0.047,37.72,2182,870,0
68.66,0.04,45.27,1410,405,0
78.11,0.033,35.74,2160,101,0
77.93,0.036,27.92,1360,370,0
52.51,0.023,31.79,1454,4616,1
83.04,0.048,32.71,1770,3314,0
53.38,0.016,29.91,1313,963,0
80.33,0.054,39.3,1703,2839,0
81.27,0.049,39.05,2128,3014,0
59.09,0.053,29.22,1871,206,0
65.89,0.04,38.63,2154,3268,0
58.94,0.112,42.63,1419,4744,1
67.85,0.077,44.51,1556,2699,0
66.92,0.025,49.33,1368,2335,0
77.8,0.055,30.49,1723,2899,0
83.1,0.038,49.12,2168,1611,0
83.96,0.03,33.23,1441,118,0
64.38,0.023,32.04,1574,958,0
67.91,0.059,36.64,1338,1516,0
53.17,0.036,32.09,1296,3132,0
61.94,0.069,37.0,1346,4605,1
79.65,0.07,28.4,1381,1526,0
86.16,0.077,33.81,1256,2631,1
57.66,0.033,41.43,1241,4819,1
64.08,0.06,34.71,2065,4851,1
69.74,0.063,35.71,1910,4963,1
72.8,0.041,37.38,1742,4138,0
61.9,0.035,40.85,1891,4213,1
74.24,0.082,26.72,1201,2331,0
65.26,0.055,37.92,2178,2552,0
69.86,0.063,33.66,2133,2946,0
75.46,0.034,35.83,1487,3302,0
70.06,0.026,40.3,1337,1916,0
65.64,0.039,29.03,1816,1880,0
68.9,0.048,29.94,1711,4203,1
69.12,0.029,25.32,2103,804,0
66.3,0.05,32.25,1929,1441,0
67.41,0.016,41.65,1421,3562,0
85.99,0.028,34.4,1530,3690,1
75.61,0.063,28.3,1816,1259,0
67.05,0.062,32.57,1603,4726,1
76.97,0.042,27.56,1707,3822,0
66.66,0.03,29.37,2115,3538,0
81.73,0.029,36.94,1326,3660,0
73.7,0.043,29.13,1464,3182,0
68.93,0.063,40.56,1911,1815,0
74.48,0.069,34.64,1963,2343,0
54.29,0.04,35.43,1214,1860,0
58.73,0.027,33.61,1425,4107,0
58.06,0.055,38.86,2183,1896,0
71.43,0.034,38.92,2064,2775,0
87.33,0.04,36.68,1304,3336,1
92.31,0.077,37.82,1944,143,1
76.38,0.067,33.94,1692,588,0
75.01,0.053,37.71,1518,4376,1
51.99,0.025,33.31,2199,3248,0
64.57,0.054,35.01,1418,4823,1
62.12,0.071,33.63,1476,1056,0
63.79,0.042,32.71,1972,2214,0
68.32,0.077,31.55,2092,1215,0
65.28,0.076,37.34,2130,1881,0
50.21,0.083,41.55,1540,2926,0
77.48,0.056,40.86,1651,750,0
59.27,0.062,28.72,1568,1976,0
72.39,0.078,41.45,2143,440,0
90.74,0.059,33.41,2047,3050,1
60.81,0.04,38.0,2190,3475,0
44.7,0.041,30.47,1673,2545,0
67.14,0.055,35.71,1389,2850,0
81.01,0.024,36.57,2083,2244,0
89.58,0.047,27.58,1618,1454,1
57.7,0.072,38.04,1909,3376,0
74.97,0.006,41.73,2064,548,0
65.35,0.081,34.13,1988,4272,1
68.94,0.072,41.8,2047,4744,1
96.44,0.041,34.05,1694,897,1
54.97,0.061,39.25,1238,3596,0
72.54,0.05,23.91,1361,2282,0
74.68,0.075,47.09,1320,3426,0
80.86,0.07,42.48,2091,745,0
70.98,0.022,33.58,1598,819,0
73.08,0.062,25.14,1461,1622,0
66.08,0.046,36.44,2161,1169,0
72.69,0.052,27.78,1927,4843,1
66.57,0.035,37.22,2023,4987,1
76.22,0.085,37.06,1760,4774,1
66.3,0.071,30.29,1803,3175,0
73.77,0.035,40.6,1328,3907,0
69.71,0.023,39.03,2032,3461,0
81.26,0.042,39.88,1739,2256,0
69.49,0.059,35.04,1555,4655,1
52.27,0.055,27.92,1859,2413,0
82.62,0.075,39.89,1631,3605,0
60.94,0.066,33.65,2039,4239,1
63.46,0.069,28.05,1264,732,0
64.04,0.057,41.76,1417,2299,0
83.74,0.022,45.5,1762,3163,0
48.64,0.046,34.79,1626,3010,0
101.38,0.071,45.8,2016,722,1
80.56,0.049,35.46,2120,460,0
72.23,0.06,33.1,1273,2467,0
69.45,0.044,31.85,1659,309,0
72.86,0.029,43.19,1624,3567,0
75.21,0.048,31.1,1910,1030,0
76.45,0.056,38.68,1391,4684,1
75.56,0.037,32.2,1388,4043,0
70.9,0.045,32.7,1211,4796,1
68.03,0.031,40.15,1438,4969,1
68.49,0.072,33.1,2071,977,0
68.05,0.044,32.98,1792,4895,1
81.34,0.079,40.66,1652,2599,0
75.94,0.081,42.99,1582,2623,0
40.6,0.048,38.22,1981,4451,1
76.56,0.03,31.73,2001,491,0
71.95,0.008,32.45,1247,4002,0
69.81,0.021,35.4,1516,2421,0
66.11,0.023,36.6,1408,4081,0
81.24,0.078,30.06,1746,238,0
79.48,0.052,38.62,1318,202,0
62.27,0.058,35.43,1776,583,0
74.07,0.006,26.42,1514,4419,1
60.28,0.026,30.36,1953,4173,0
56.2,0.068,32.48,1235,1948,0
63.73,0.056,34.64,1662,1984,0
78.62,0.047,44.45,1963,3305,0
79.53,0.061,36.19,2114,2261,0
75.13,0.083,30.8,1954,1564,0
77.25,0.046,36.1,1753,743,0
75.16,0.051,33.24,1780,3536,0
63.59,0.054,36.62,1602,4653,1
74.32,0.098,37.9,1306,710,1
78.0,0.008,41.05,1238,4402,1
77.54,0.064,34.88,1780,1643,0
81.89,0.048,43.19,1379,3639,0
77.08,0.061,39.54,1211,1566,0
73.51,0.037,31.46,1538,1016,0
80.7,0.049,46.05,2142,1281,0
69.73,0.064,36.63,1915,2246,0
61.18,0.112,30.82,1747,2372,1
68.37,0.066,43.26,1325,951,0
62.55,0.033,45.39,1262,4636,1
63.25,0.042,34.83,2043,819,0
68.55,0.041,32.48,1281,4780,1
62.08,0.014,34.14,2018,2114,0
66.92,0.043,38.57,1498,3572,0
51.06,0.065,41.39,1233,3742,0
72.13,0.025,37.85,1951,3970,0
70.01,0.071,35.51,1808,163,0
61.83,0.06,42.49,1248,4963,1
76.59,0.035,33.44,1857,659,0
79.38,0.047,40.15,1836,1833,0
53.92,0.082,33.56,1900,769,0
62.37,0.065,37.16,1256,3994,0
62.31,0.05,34.43,2060,1642,0
60.6,0.045,34.72,1308,1371,0
78.29,0.052,33.11,1716,2515,0
68.06,0.04,41.72,2184,2891,0
67.35,0.008,31.34,1223,4813,1
49.96,0.091,31.3,1420,3154,1
76.35,0.053,45.6,2159,2558,0
57.61,0.058,39.89,1514,3165,0
70.6,0.049,23.07,1493,1263,0
72.77,0.035,32.17,2128,4659,1
83.61,0.046,25.94,1209,2849,0
56.91,0.018,30.25,1876,2048,0
39.8,0.096,19.31,1680,159,1
71.84,0.025,34.32,1926,3202,0
88.01,0.029,29.29,1837,432,1
82.39,0.041,35.3,1466,4271,1
72.1,0.076,26.87,1991,289,0
65.08,0.05,35.41,1287,3660,0
78.07,0.025,32.93,1654,395,0
60.26,0.075,42.51,1825,2648,0
74.76,0.065,42.06,1732,276,0
75.05,0.061,38.93,1347,899,0
80.6,0.064,33.37,1956,905,0
97.6,0.098,44.93,1977,1842,1
73.92,0.094,27.23,1928,314,1
64.91,0.036,27.98,1630,1979,0
69.74,0.082,34.58,2195,2800,0
52.31,0.058,46.27,1951,696,0
63.05,0.06,33.99,2142,1817,0
65.91,0.016,34.08,2110,1455,0
64.76,0.047,27.79,2139,4323,1
71.52,0.034,39.73,1943,1392,0
61.78,0.067,39.77,1943,2698,0
81.21,0.071,38.95,1441,3537,0
70.0,0.009,31.85,1901,4814,1
69.91,0.05,31.47,2101,241,0
66.72,0.072,28.53,1940,3316,0
71.55,0.046,35.42,1265,2939,0
78.25,0.065,29.6,2171,4440,1
61.33,0.057,29.11,1577,3613,0
63.42,0.057,32.88,1587,2850,0
66.96,0.045,32.55,1990,1814,0
56.54,0.026,32.31,1980,1235,0
61.81,0.028,37.33,1408,3821,0
65.24,0.064,35.4,1614,2009,0
78.74,0.05,33.56,1215,2347,0
72.63,0.047,35.92,1496,4616,1
71.94,0.042,30.04,2185,4202,1
78.51,0.044,35.53,1419,1648,0
68.63,0.071,35.75,1968,2739,0
73.9,0.043,27.48,1566,4866,1
68.97,0.023,39.98,1979,4611,1
72.65,0.065,30.59,1428,2931,0
64.17,0.046,35.45,1830,1106,0
45.61,0.051,40.82,1639,3321,0
68.66,0.082,39.63,1889,3162,0
84.23,0.05,35.17,1731,4623,1
79.26,0.056,33.19,1649,3152,0
79.65,0.026,39.74,1235,4529,1
82.36,0.046,38.37,2046,2419,0
70.89,0.062,31.91,1621,3639,0
71.97,0.019,31.03,2117,2466,0
63.82,0.054,24.64,1819,626,0
66.84,0.052,35.77,1388,2907,0
76.16,0.051,34.59,1377,1295,0
82.04,0.071,40.68,1807,1853,0
68.61,0.057,36.8,1514,1772,0
65.5,0.08,41.67,1219,2128,0
70.01,0.03,31.51,1875,1754,0
76.01,0.053,40.69,1581,4649,1
55.56,0.052,32.36,1808,4941,1
47.04,0.029,38.89,1342,4141,0
64.49,0.069,27.71,1261,947,0
57.79,0.096,36.18,1441,967,1
64.92,0.05,25.08,1437,873,0
68.52,0.06,33.66,1330,642,0
65.47,0.052,37.2,1804,4517,1
84.52,0.036,32.4,1802,885,0
73.27,0.014,29.75,1844,3405,0
73.0,0.036,39.23,1322,4735,1
76.22,0.022,34.48,1639,2983,0
58.61,0.084,32.55,2126,548,0
80.39,0.048,35.21,1541,3410,0
69.24,0.043,48.18,1618,4685,1
76.7,0.068,40.77,1829,2005,0
59.28,0.028,40.81,1654,4659,1
54.46,0.035,37.18,1397,4509,1
78.18,0.051,35.83,1481,3351,0
73.76,0.071,23.02,2085,484,0
60.98,0.06,31.61,1200,394,0
61.3,0.055,32.6,1922,1338,0
81.25,0.052,25.63,1974,4957,1
58.11,0.058,29.21,2131,2916,0
86.43,0.054,25.1,1531,1198,1
60.99,0.029,34.81,1411,1837,0
76.38,0.051,39.09,1286,2289,0
66.71,0.029,40.53,1864,2865,0
76.03,0.052,37.07,2061,1322,0
64.56,0.04,30.18,1898,3342,0
68.37,0.101,25.34,1260,3999,1
70.41,0.049,26.22,1996,4423,1
59.98,0.022,28.66,1294,510,0
77.41,0.047,30.56,1985,3099,0
64.87,0.06,34.2,1752,3045,0
67.71,0.083,29.93,1346,4886,1
60.06,0.038,36.69,1445,977,0
44.38,0.018,33.84,1843,886,0
68.09,0.066,35.05,2160,2209,0
94.13,0.022,40.7,1496,2086,1
77.85,0.041,29.1,1322,978,0
69.81,0.045,37.09,1854,1707,0
67.37,0.049,34.93,1893,2503,0
70.22,0.064,33.33,1903,170,0
75.47,0.036,39.43,1655,2410,0
58.19,0.045,39.4,1598,4501,1
81.14,0.05,30.27,1918,3395,0
77.15,0.053,34.09,2145,861,0
77.18,0.052,36.41,1430,4783,1
74.38,0.059,33.63,1733,2221,0
70.2,0.067,37.93,1601,3682,0
76.73,0.058,36.41,1791,4297,1
75.92,0.059,44.16,1329,1729,0
66.46,0.018,27.35,1491,4388,1
64.26,0.051,34.39,1475,1185,0
71.02,0.06,30.46,2111,2557,0
85.49,0.065,38.02,2034,4495,1
57.61,0.036,26.91,1575,3366,0
55.32,0.037,36.73,2125,553,0
71.65,0.039,31.85,1254,2721,0
70.51,0.061,31.33,1777,718,0
71.73,0.071,27.77,1938,736,0
72.44,0.042,32.67,1225,2448,0
67.77,0.068,40.42,1640,4974,1
84.9,0.052,34.87,1964,3136,0
53.99,0.048,38.14,1396,2349,0
61.72,0.046,43.32,1841,2821,0
68.97,0.065,36.32,1442,2449,0
53.57,0.057,32.21,2023,4532,1
68.24,0.096,37.34,1923,2094,1
86.61,0.033,32.28,1389,2920,1
70.21,0.06,32.48,2001,1171,0
72.31,0.039,27.4,1937,2131,0
57.4,0.033,39.63,1957,1349,0
63.84,0.05,33.07,1767,1395,0
66.25,0.053,35.91,1766,3656,0
66.82,0.108,29.82,1475,427,1
82.82,0.046,37.18,2017,896,0
75.58,0.027,31.19,1608,2961,0
58.89,0.055,34.29,1539,4860,1
72.47,0.009,39.39,1352,2893,0
74.98,0.048,38.95,1764,3194,0
81.4,0.05,34.89,1597,3077,0
85.81,0.066,26.16,1643,1062,1
59.85,0.069,49.96,1822,1368,0
61.89,0.04,43.73,1626,472,0
57.42,0.047,38.61,2157,4480,1
67.66,0.035,31.23,1686,2668,0
74.66,0.027,34.43,1403,4842,1
79.87,0.056,32.28,1311,3793,0
69.24,0.025,41.32,1524,1704,0
66.8,0.042,36.31,2158,195,0
71.52,0.03,31.08,1457,4469,1
61.65,0.061,32.65,2149,4041,0
90.9,0.086,40.61,1727,1300,1
53.92,0.024,43.0,2150,4044,0
71.85,0.013,42.64,1549,4979,1
90.24,0.048,38.79,2138,231,1
70.07,0.05,33.74,2156,3215,0
68.1,0.054,18.79,1877,1490,0
66.43,0.041,36.49,2012,1249,0
68.2,0.046,34.99,2093,3610,0
83.73,0.057,35.7,1634,3747,0
47.88,0.071,35.27,1625,907,0
85.33,0.011,28.37,1479,4939,1
55.76,0.043,37.79,1570,150,0
67.33,0.054,38.16,1869,3308,0
65.71,0.032,38.41,2132,155,0
75.89,0.085,39.73,1448,3764,0
54.02,0.037,38.02,2090,843,0
74.62,0.049,32.95,1380,4638,1
90.24,0.061,34.65,1902,2976,1
56.37,0.038,35.46,2198,179,0
71.9,0.013,35.54,1850,4572,1
63.38,0.041,39.99,1277,4040,0
74.26,0.071,38.22,2118,3066,0
70.19,0.043,45.39,2084,3828,0
63.59,0.033,46.03,1535,4636,1
74.88,0.069,35.4,1249,225,0
88.04,0.043,15.82,1284,318,1
68.09,0.04,41.18,1894,1047,0
77.2,0.053,32.3,1894,4473,1
57.07,0.065,30.99,1203,694,0
60.44,0.098,33.01,2192,240,1
74.72,0.067,32.77,2149,2993,0
84.84,0.073,38.06,1516,3155,0
73.56,0.04,27.2,1310,1730,0
66.87,0.029,29.61,1533,976,0
69.99,0.051,36.72,2050,4305,1
57.5,0.052,38.11,1962,2760,0
76.05,0.028,38.21,1332,3490,0
78.82,0.046,31.06,1811,4991,1
65.48,0.058,30.11,2190,2129,0
65.3,0.057,32.47,2113,4924,1
72.66,0.06,36.2,1883,2652,0
65.63,0.056,42.43,1998,3711,0
69.34,0.04,24.76,1318,1140,0
91.0,0.04,33.9,1549,414,1
67.53,0.026,28.34,2116,3559,0
66.42,0.086,26.74,1886,4272,1
63.52,0.05,39.83,1741,3125,0
77.44,0.046,37.72,1254,3046,0
68.19,0.031,37.25,1560,3336,0
63.51,0.109,39.61,1907,3780,1
83.21,0.029,32.6,1652,4907,1
84.2,0.041,32.84,1752,3206,0
64.0,0.058,45.93,1884,1637,0
51.33,0.062,33.77,1529,3972,0
80.08,0.069,38.68,1418,1967,0
63.15,0.086,35.03,1407,1261,0
77.91,0.06,25.76,1869,4020,0
50.3,0.029,24.78,2044,3982,0
78.93,0.045,32.11,1939,2856,0
57.89,0.056,40.28,1284,2012,0
77.31,0.091,38.94,1884,364,1
70.14,0.022,39.57,1444,4528,1
60.46,0.074,30.06,2071,1402,0
65.93,0.054,43.08,1884,1294,0
76.86,0.067,30.18,1534,1626,0
71.06,0.048,36.06,1411,3704,0
75.84,0.033,34.95,1795,4494,1
89.76,0.065,34.13,1884,2348,1
54.36,0.063,41.69,1382,1258,0
86.17,0.069,31.47,2154,4467,1
71.04,0.05,28.25,1332,4730,1
61.01,0.038,35.1,2091,3613,0
56.7,0.019,33.0,1999,2178,0
68.11,0.066,51.89,1973,1244,0
79.22,0.058,38.38,1549,168,0
68.72,0.031,32.95,1481,3817,0
85.11,0.039,29.72,1492,3108,1
55.49,0.041,25.6,1468,926,0
69.88,0.02,29.87,2060,1269,0
57.48,0.034,35.57,1396,1083,0
73.64,0.027,42.14,1736,4676,1
78.87,0.042,40.61,1852,4077,0
65.79,0.035,36.15,2183,3434,0
43.96,0.017,33.38,1934,2440,0
71.99,0.09,36.34,1219,2115,0
74.37,0.075,32.41,1958,1552,0
74.04,0.034,43.59,2039,2233,0
82.36,0.055,34.05,2155,1139,0
59.29,0.058,34.57,1912,4823,1
76.8,0.074,23.92,1604,4313,1
81.93,0.034,34.02,1314,3566,0
52.21,0.072,39.18,2094,3126,0
73.2,0.039,29.66,1900,4357,1
64.96,0.023,31.25,2179,2847,0
69.18,0.064,38.96,2174,4362,1
73.48,0.076,27.62,1225,4495,1
65.13,0.102,40.29,1765,3595,1
63.24,0.026,32.34,1881,3955,0
70.34,0.064,33.06,1594,661,0
59.13,0.042,29.38,2132,2303,0
59.14,0.066,36.89,1580,3519,0
76.79,0.021,47.3,1722,1244,0
58.51,0.025,38.91,1738,2799,0
76.66,0.034,30.68,2061,1651,0
74.63,0.052,40.68,1282,4121,0
52.74,0.037,33.42,2001,660,0
63.22,0.063,41.87,1749,1287,0
81.94,0.071,39.03,1644,3233,0
60.19,0.062,20.28,1286,3511,0
65.36,0.082,29.98,2148,1789,0
74.62,0.058,39.72,2032,4507,1
77.83,0.026,35.76,1586,2523,0
67.48,0.077,29.88,2162,1469,0
64.02,0.038,31.83,1867,680,0
84.22,0.068,25.47,1597,1076,0
87.39,0.081,34.56,2019,4372,1
79.79,0.059,46.05,1485,4709,1
70.85,0.02,39.02,1897,2456,0
61.92,0.032,45.95,1893,218,0
61.7,0.076,39.41,2164,1642,0
75.23,0.047,40.14,1568,4962,1
74.18,0.052,44.87,1854,3143,0
84.02,0.065,36.89,1621,1072,0
76.5,0.064,34.06,1917,1015,0
54.97,0.056,40.16,1853,1537,0
80.52,0.046,42.27,1896,686,0
60.02,0.044,32.6,1642,450,0
66.16,0.067,31.39,1952,4691,1
72.5,0.061,35.69,1719,2662,0
89.96,0.045,39.16,1783,1970,1
101.1,0.072,38.99,2114,372,1
76.07,0.047,27.88,1487,3027,0
68.17,0.033,44.56,1294,4458,1
75.35,0.035,31.79,1868,3539,0
78.88,0.03,33.67,1240,3141,0
66.79,0.045,30.49,1530,4048,0
87.95,0.075,48.49,2012,1864,1
72.3,0.034,36.21,1980,4390,1
74.98,0.054,30.75,1354,1870,0
76.66,0.037,39.32,1703,1622,0
74.22,0.045,38.85,1474,931,0
78.39,0.02,34.06,1865,661,0
63.83,0.046,39.2,1764,3640,0
64.42,0.046,30.87,1378,4236,1
59.0,0.061,32.54,2132,1579,0
74.4,0.054,24.95,1951,4566,1
77.79,0.026,28.38,1336,1305,0
74.58,0.072,44.04,1966,756,0
86.74,0.054,43.21,2187,4040,1
69.94,0.054,35.33,1935,689,0
76.69,0.05,43.31,1379,4426,1
59.08,0.04,34.2,1381,1471,0
66.13,0.054,33.78,1458,4674,1
76.96,0.06,35.28,1442,3851,0
78.49,0.015,34.38,1295,3859,0
67.06,0.039,33.92,1396,2200,0
69.28,0.045,40.72,2103,1984,0
54.82,0.055,35.75,1725,847,0
66.43,0.074,38.56,1831,563,0
78.9,0.035,40.16,1586,853,0
75.75,0.04,36.94,1607,682,0
75.01,0.04,30.15,1468,2305,0
70.5,0.034,28.24,1370,4214,1
70.07,0.043,35.74,2124,4250,1
63.4,0.065,34.14,1783,4127,0
76.99,0.029,35.44,1890,4916,1
74.21,0.059,34.92,1369,3453,0
74.92,0.016,47.92,1358,2908,0
64.74,0.039,28.35,1708,3703,0
48.47,0.043,25.05,1646,4013,0
80.97,0.083,36.66,1865,1519,0
65.21,0.045,33.12,2113,2267,0
61.37,0.006,36.58,1281,2244,0
76.93,0.01,37.92,1256,2267,0
66.08,0.051,41.42,1718,1660,0
80.6,0.062,27.46,1311,1276,0
76.17,0.058,32.22,2197,1368,0
76.84,0.053,37.14,1247,3687,0
56.34,0.073,38.85,1791,1266,0
82.12,0.039,45.97,2086,3675,0
72.61,0.068,39.78,1575,2941,0
66.31,0.017,34.72,2027,1970,0
71.43,0.032,30.55,1232,4029,0
52.24,0.014,32.18,1703,2367,0
74.09,0.045,32.04,1826,2986,0
59.71,0.049,38.28,2095,259,0
56.47,0.052,36.28,1202,2758,0
54.78,0.051,28.38,1685,3863,0
81.13,0.031,32.82,1715,4834,1
63.71,0.046,39.39,2067,1155,0
85.34,0.02,36.76,1971,433,1
64.64,0.077,37.84,1241,3696,0
52.93,0.044,36.91,1208,991,0
58.83,0.04,43.13,2199,3087,0
82.36,0.082,36.18,2018,4547,1
68.44,0.025,33.07,1856,1462,0
64.52,0.027,30.42,2112,1025,0
71.6,0.028,36.25,1808,2543,0
75.02,0.049,22.8,1987,2677,0
81.17,0.059,34.08,1341,4080,0
84.48,0.065,33.97,1989,2505,0
66.4,0.101,28.18,1635,1519,1
56.74,0.005,30.36,1226,2975,0
65.87,0.062,39.05,1242,159,0
72.6,0.039,36.15,1330,2624,0
60.36,0.038,35.51,1415,3897,0
60.43,0.038,36.53,1805,2759,0
73.44,0.032,35.46,1719,4196,0
69.51,0.084,41.21,1797,1678,0
70.33,0.067,35.62,1544,4506,1
62.42,0.05,27.71,1707,3205,0
67.7,0.077,43.15,1849,807,0
60.76,0.02,36.85,2080,1880,0
78.9,0.023,32.05,1612,2513,0
80.35,0.006,28.73,2135,3506,0
51.54,0.036,36.98,1445,2261,0
60.7,0.053,34.41,1648,3639,0
55.03,0.052,42.87,1220,708,0
63.5,0.053,33.27,2198,408,0
69.17,0.022,30.81,1607,4407,1
55.5,0.066,39.48,1656,2464,0
60.78,0.055,39.63,1643,284,0
59.96,0.065,35.84,2121,345,0
72.07,0.012,38.38,1464,338,0
70.69,0.056,34.81,1859,619,0
62.78,0.026,36.17,1383,4007,0
71.77,0.042,40.82,1426,376,0
64.53,0.061,38.13,2003,4128,0
67.28,0.052,34.15,1747,4409,1
86.73,0.033,41.76,1445,705,1
83.4,0.05,23.18,1272,4673,1
57.0,0.019,45.26,1349,4703,1
78.3,0.073,26.47,1712,4153,0
78.11,0.046,31.86,1268,2812,0
58.52,0.072,34.8,2168,241,0
78.19,0.039,34.27,2004,3761,0
85.38,0.04,40.03,1429,2469,1
58.77,0.035,29.71,1922,1817,0
60.82,0.068,36.3,1271,4656,1
80.18,0.036,32.11,2074,4865,1
72.71,0.063,36.48,1807,3527,0
75.51,0.042,34.68,1596,2424,0
73.41,0.01,35.46,1283,1944,0
73.91,0.039,32.25,1939,499,0
56.74,0.026,32.45,1498,4863,1
80.47,0.051,36.44,1947,2663,0
81.7,0.026,39.72,1492,1622,0
67.71,0.069,32.01,1933,1434,0
69.57,0.048,30.66,2169,2723,0
54.69,0.046,38.07,1422,338,0
75.14,0.063,34.84,1992,3315,0
75.72,0.069,39.15,1932,3747,0
69.38,0.05,30.47,1415,1716,0
81.24,0.035,26.1,1430,2529,0
66.66,0.015,32.33,1604,3752,0
75.65,0.036,31.17,1368,1821,0
59.8,0.038,34.61,1528,1372,0
69.76,0.052,31.82,1625,3239,0
68.26,0.043,38.71,1753,2978,0
72.25,0.064,33.56,1969,1635,0
66.3,0.038,35.75,1395,635,0
68.69,0.049,35.79,2103,1048,0
78.26,0.074,35.97,1807,2742,0
65.63,0.057,34.88,2028,4041,0
53.93,0.049,37.55,1725,1121,0
87.5,0.038,31.02,1824,533,1
83.81,0.037,42.0,1276,1503,0
57.08,0.033,33.82,1476,3611,0
76.9,0.039,28.44,2119,3035,0
64.97,0.065,35.94,2145,4978,1
72.63,0.046,30.74,1665,4364,1
72.94,0.023,38.33,2140,4904,1
67.66,0.085,46.05,1647,3433,0
62.16,0.056,31.07,1519,1702,0
63.09,0.022,36.66,2199,328,0
60.84,0.041,26.22,2121,4622,1
61.68,0.052,37.27,1359,4317,1
69.33,0.084,30.57,1691,2296,0
62.84,0.028,31.88,1512,2999,0
76.82,0.07,29.49,1830,210,0
84.87,0.078,38.66,2148,1344,0
64.2,0.037,40.04,1360,4259,1
72.39,0.044,35.12,1507,2785,0
75.0,0.029,30.68,2062,3901,0
74.72,0.046,42.95,1345,3967,0
70.76,0.049,31.25,1874,1477,0
77.43,0.063,24.19,1595,1871,0
74.82,0.072,37.29,1890,112,0
57.62,0.035,29.48,1288,4434,1
78.69,0.011,39.94,1934,3361,0
78.87,0.05,33.09,1977,762,0
62.37,0.056,38.02,1950,3192,0
70.38,0.055,42.01,1507,793,0
76.83,0.043,28.96,1745,3490,0
67.91,0.052,32.17,1570,1281,0
80.73,0.08,34.62,1650,3118,0
93.64,0.058,42.69,1366,1604,1
62.14,0.043,31.71,1591,2002,0
56.19,0.04,32.03,1836,4271,1
73.04,0.047,37.39,1935,428,0
77.22,0.083,32.11,1690,1539,0
67.69,0.046,35.76,2124,3946,0
84.53,0.05,27.24,1349,4267,1
56.61,0.04,46.07,1667,324,0
76.93,0.072,28.26,2165,2620,0
63.94,0.089,33.39,1900,3814,0
87.19,0.059,34.84,1242,2507,1
89.93,0.052,44.56,2144,910,1
62.33,0.051,28.38,1228,3217,0
64.5,0.002,44.92,2073,4873,1
78.6,0.065,38.79,1831,3390,0
66.13,0.053,37.09,2048,4486,1
69.55,0.059,30.08,1230,2351,0
70.25,0.036,37.86,1892,4761,1
50.8,0.042,31.38,1873,2629,0
69.86,0.042,41.33,1327,4706,1
63.1,0.07,30.14,1966,1023,0
65.07,0.042,34.43,1493,3152,0
84.44,0.092,32.22,1640,115,1
57.43,0.059,30.06,2068,3696,0
78.13,0.024,38.71,1587,2503,0
67.21,0.047,37.68,1965,4551,1
67.2,0.037,41.05,1841,4110,0
77.9,0.006,26.1,1723,2746,0
73.4,0.082,40.32,1746,1201,0
75.71,0.064,47.53,1909,3075,0
79.68,0.061,32.74,1959,1190,0
66.69,0.053,44.48,1309,3006,0
63.88,0.022,33.68,1527,1846,0
59.15,0.04,28.14,1604,4409,1
61.75,0.067,33.47,1444,1820,0
99.49,0.029,40.24,1961,548,1
82.45,-0.001,30.81,2077,3112,0
56.49,0.045,32.0,2028,3604,0
56.78,0.047,37.97,1362,1668,0
74.82,0.053,35.02,1759,3286,0
75.47,0.065,37.92,1598,3591,0
75.49,0.063,36.19,1782,2646,0
67.45,0.055,37.4,1598,4905,1
68.75,0.074,32.84,1692,4575,1
73.28,0.02,36.16,1845,1147,0
70.86,0.06,30.36,1438,4734,1
47.81,0.063,41.44,1664,4948,1
67.7,0.025,31.83,1779,4730,1
61.49,0.02,40.64,1989,4868,1
71.75,0.035,33.83,1231,1164,0
99.85,0.037,36.01,1322,3921,1
73.67,0.065,32.53,1733,667,0
66.86,0.038,29.92,1866,1536,0
79.22,0.033,26.28,1309,4610,1
74.83,0.038,29.72,1470,4644,1
74.2,0.072,33.38,1579,4805,1
76.07,0.05,36.06,1499,2805,0
90.57,0.046,40.05,1826,2583,1
58.69,0.048,32.77,2181,4900,1
74.74,0.076,30.59,1931,4929,1
60.74,0.035,27.79,1941,3879,0
75.56,0.076,37.4,1963,4995,1
60.81,0.054,41.92,1448,2894,0
65.83,0.047,41.33,1720,1960,0
67.05,0.1,38.55,1233,3436,1
79.76,0.029,38.19,1427,1990,0
79.18,0.043,43.49,1784,4926,1
57.54,0.025,36.66,1598,4391,1
70.55,0.069,38.23,2157,1197,0
62.9,0.084,33.4,2012,1738,0
57.41,0.083,28.19,1923,1758,0
67.83,0.074,31.58,1783,1225,0
66.92,0.046,34.95,1769,363,0
94.27,0.043,35.3,1419,3092,1
74.33,0.017,44.63,1570,260,0
56.22,0.091,35.41,1986,1356,1
64.35,0.059,40.89,1960,4965,1
80.21,0.04,32.82,1727,410,0
90.88,0.077,33.44,1274,326,1
54.14,0.031,28.35,1817,372,0
51.2,0.058,31.29,1335,4512,1
88.71,0.047,37.63,2128,2022,1
73.9,0.063,35.04,1273,3257,0
61.32,0.049,39.71,1453,2438,0
75.35,0.021,35.91,1217,1701,0
43.64,0.052,33.24,2130,3818,0
70.03,0.071,45.74,1242,2522,0
73.28,0.049,34.53,1249,2025,0
79.24,0.066,40.82,1714,666,0
59.86,0.029,32.99,1943,3015,0
70.86,0.049,38.55,1930,351,0
60.75,0.038,39.64,1770,2454,0
72.55,0.065,36.04,1995,3601,0
61.05,0.051,23.23,2013,4870,1
65.92,0.064,35.09,1775,2411,0
60.04,0.072,41.15,1781,2215,0
76.51,0.064,37.64,1502,1702,0
78.58,0.055,37.23,1341,3370,0
67.65,0.03,26.39,2102,613,0
70.38,0.05,31.4,1401,541,0
55.51,0.039,37.06,1406,100,0
67.0,0.043,37.05,1614,1002,0
69.5,0.043,41.07,1420,1320,0
96.21,0.03,34.28,1561,2421,1
58.88,0.011,37.03,1957,955,0
84.64,0.037,35.08,1280,1117,0
79.97,0.054,30.07,1962,2320,0
72.81,0.023,23.72,1762,4780,1
87.59,0.05,37.16,1484,3604,1
73.72,0.088,35.87,1568,4650,1
73.89,0.07,31.91,1691,295,0
69.47,0.083,26.9,2110,4794,1
82.24,0.058,38.15,2095,1432,0
80.96,0.073,33.67,1545,4751,1
63.74,0.036,37.78,1403,1617,0
56.81,0.037,44.32,1224,4634,1
67.97,-0.005,24.29,2156,2797,0
62.0,0.074,31.5,1752,4554,1
69.36,0.081,33.95,1268,3207,0
82.37,0.039,42.27,1715,1157,0
65.43,0.045,26.82,1691,2805,0
69.57,0.035,44.68,1439,2163,0
70.58,0.058,35.68,1560,2892,0
78.48,0.072,34.52,1640,520,0
47.53,0.015,34.01,1230,4748,1
63.93,0.058,32.82,2098,2914,0
72.11,0.044,40.24,1828,2940,0
82.0,0.052,29.66,1906,1131,0
65.08,0.059,36.73,1801,1591,0
51.23,0.046,33.08,1889,1985,0
76.2,0.048,31.19,1856,609,0
63.65,0.046,47.93,2155,1959,0
58.1,0.069,37.1,1913,1958,0
63.76,0.058,38.07,1521,1013,0
68.15,0.054,40.69,1543,2165,0
63.95,0.025,27.89,1914,3066,0
47.94,0.042,43.76,1735,4989,1
78.97,0.068,22.46,1554,3937,0
82.75,0.051,31.16,1670,1696,0
76.52,0.063,32.7,2127,4542,1
58.62,0.085,37.91,2182,1155,0
67.99,0.071,36.09,2193,1123,0
69.93,0.052,34.17,1304,3304,0
75.99,0.04,34.94,1986,675,0
76.68,-0.001,30.11,1521,298,0
62.66,0.047,27.51,1771,1465,0
70.82,0.043,38.63,2082,2098,0
74.57,0.058,38.47,2161,1116,0
84.56,0.047,42.92,1726,3718,0
77.05,0.044,31.05,1703,125,0
77.89,0.014,38.46,1284,1658,0
70.84,0.031,33.58,2130,3824,0
84.1,0.06,40.95,1908,3558,0
74.1,0.084,40.11,1434,3456,0
61.39,0.048,36.06,2122,2467,0
84.03,0.057,33.3,2055,570,0
76.98,0.069,39.8,1462,2567,0
65.57,0.034,38.23,1205,4846,1
65.21,0.057,31.58,1693,985,0
72.97,0.035,28.36,2092,975,0
74.63,0.067,33.56,1488,1041,0
71.97,0.053,42.58,1769,3141,0
73.11,0.056,40.73,2144,671,0
87.0,0.034,29.44,1856,4249,1
80.72,0.064,29.16,2077,704,0
71.91,0.092,41.37,1753,4520,1
79.41,0.03,29.32,1549,3629,0
59.67,0.043,37.55,1399,4460,1
73.98,0.055,31.92,2135,481,0
88.09,0.066,43.09,1885,1336,1
67.82,0.039,31.15,2166,2480,0
61.52,-0.007,40.72,2165,3879,0
63.48,0.077,35.92,2163,2205,0
59.1,0.065,36.26,2096,1617,0
62.15,0.015,25.15,1534,1633,0
66.29,0.038,23.99,1806,3394,0
55.94,0.081,33.9,1416,3540,0
70.16,0.079,36.23,1822,3589,0
79.02,0.069,29.37,1552,4045,0
60.92,0.046,29.56,1891,4742,1
85.19,0.052,37.81,1874,970,1
75.11,0.047,37.81,1830,2250,0
80.31,0.073,34.31,1524,3332,0
63.42,0.032,38.9,2100,3331,0
78.55,0.034,29.13,1427,3866,0
59.08,0.07,33.22,1344,3307,0
78.9,0.049,43.24,2148,4593,1
71.72,0.078,35.34,1507,4587,1
75.53,0.037,35.63,1853,3926,0
58.24,0.049,46.53,1833,1712,0
61.05,0.032,28.0,1484,1177,0
75.97,0.05,38.98,1591,1400,0
60.52,0.02,43.32,1937,2258,0
74.63,0.04,33.38,1559,2371,0
56.33,0.021,39.3,1968,2629,0
78.48,0.064,30.09,1996,3360,0
57.67,0.064,31.57,2131,463,0
75.52,0.015,36.92,2146,945,0
76.26,0.077,38.99,1364,3132,0
63.03,0.1,40.6,1932,1427,1
75.82,0.051,42.85,1780,3262,0
72.6,0.037,34.66,2020,491,0
64.61,0.106,40.97,1423,3355,1
59.91,0.024,33.29,1323,2159,0
50.37,0.05,39.51,2147,3337,0
73.5,0.054,36.04,1543,2146,0
54.35,0.077,37.23,2050,4341,1
70.95,0.057,37.12,1723,1405,0
67.37,0.04,26.98,1251,2994,0
76.79,0.031,29.38,1328,2132,0
66.98,0.043,35.51,1334,864,0
66.71,0.03,26.56,1856,598,0
77.32,0.051,39.16,1326,3468,0
73.35,0.039,39.36,1937,3044,0
73.16,0.02,36.64,2138,3904,0
74.69,0.075,29.39,1270,4313,1
54.64,0.04,41.9,1472,4560,1
77.57,0.025,45.19,1386,235,0
76.12,0.047,35.74,1202,1200,0
59.83,0.051,37.55,1484,1971,0
67.56,0.015,36.01,1221,4133,0
69.61,0.057,37.65,1365,4213,1
68.66,0.029,34.4,1509,4112,0
73.34,0.084,34.83,2074,304,0
84.31,0.06,39.53,1676,4694,1
80.82,0.042,46.73,1697,2471,0
56.88,0.035,28.0,1633,4790,1
76.22,0.048,34.48,1957,661,0
83.29,0.062,29.1,1433,3414,0
73.87,0.049,42.96,2036,4060,0
80.91,0.046,32.06,1869,2626,0
90.12,0.051,27.78,1862,2311,1
80.24,0.038,38.19,1924,2471,0
72.49,0.043,43.72,1575,4835,1
80.45,0.008,38.32,1929,2781,0
71.45,0.069,36.02,1445,2906,0
70.24,0.056,37.05,1502,3869,0
66.49,0.035,42.07,1604,2355,0
85.63,0.088,30.63,1987,4510,1
61.82,0.052,34.44,1862,1000,0
85.32,0.029,32.74,1907,1850,1
75.0,0.067,29.16,2116,4999,1
56.01,0.058,33.36,1220,3395,0
73.68,0.058,40.54,1456,3259,0
49.0,0.041,37.83,1598,1552,0
76.26,0.059,38.22,1728,1343,0
78.85,0.045,35.73,1250,2422,0
64.08,0.061,37.62,1646,1770,0
71.24,0.012,31.0,1469,2127,0
89.54,0.041,33.45,2026,1868,1
64.94,0.084,35.96,1794,3763,0
59.41,0.035,36.39,2017,2402,0
84.82,0.038,36.6,1835,1269,0
89.63,0.041,34.31,2001,4810,1
70.04,0.026,33.11,1461,2532,0
80.11,0.006,50.79,1564,486,0
83.41,0.045,39.53,1248,2530,0
62.58,0.053,37.07,1717,3448,0
65.15,0.049,33.83,1828,1505,0
82.31,0.047,32.74,1317,223,0
86.85,0.051,34.35,1652,4097,1
75.63,0.07,36.46,1974,3552,0
61.2,0.046,25.6,2064,3996,0
89.87,0.039,27.15,2172,1724,1
64.69,0.044,31.82,2146,1281,0
66.65,0.062,36.04,2085,827,0
73.42,0.078,33.8,1840,3984,0
85.54,0.037,42.39,1596,3770,1
78.54,0.052,27.59,1882,1241,0
74.15,0.057,31.24,1226,2475,0
74.63,0.03,42.6,1910,4131,0
70.44,0.05,35.66,1571,458,0
75.58,0.021,39.42,2098,3842,0
44.7,0.015,45.26,2025,2944,0
67.03,0.057,31.53,2056,4638,1
72.41,0.042,34.5,1296,2311,0
58.49,0.054,33.64,2199,1072,0
73.86,0.05,25.23,1728,460,0
67.96,0.03,33.45,1884,2732,0
87.55,0.049,39.41,2173,3290,1
85.73,0.025,37.7,1812,1724,1
65.34,0.078,38.1,1385,4028,0
68.49,0.023,33.12,1895,1856,0
69.26,0.046,31.72,2149,340,0
65.48,0.029,41.35,1414,4861,1
71.95,0.061,32.51,1450,1075,0
62.42,0.043,36.47,1415,4418,1
58.69,0.04,35.82,1228,2413,0
76.23,0.067,42.31,1301,1405,0
76.3,0.051,39.86,1322,887,0
61.96,0.06,28.52,1253,2528,0
78.95,0.03,29.06,1482,655,0
63.68,0.022,37.89,1813,2209,0
72.53,0.052,34.68,1316,2749,0
78.2,0.044,32.72,1815,1659,0
69.66,0.063,40.08,1756,4335,1
74.55,0.048,35.94,1313,1463,0
64.84,0.054,35.26,2054,4059,0
68.04,0.018,38.9,1742,689,0
67.94,0.088,33.12,1875,1849,0
62.53,0.047,42.84,2176,640,0
68.23,0.064,31.06,1900,2522,0
54.51,0.033,38.28,1492,390,0
65.09,0.056,42.17,1394,2190,0
67.15,0.024,28.11,1491,4035,0
67.44,0.059,33.28,2086,4058,0
67.59,0.043,40.71,1460,3959,0
69.38,0.051,40.79,2141,1355,0
74.79,0.064,34.14,1406,107,0
78.75,0.025,31.33,1763,1757,0
63.5,0.036,39.78,1248,4678,1
57.97,0.059,40.92,1205,4528,1
59.58,0.092,29.18,1578,1356,1
65.13,0.047,28.98,1593,4050,0
66.48,0.062,36.13,2085,1139,0
62.3,0.048,38.15,1423,2216,0
57.04,0.089,33.5,1222,784,0
65.44,0.015,38.4,1856,4118,0
71.81,0.052,31.45,1309,1897,0
75.95,0.017,24.43,1923,1924,0
64.43,-0.0,32.88,2011,3634,0
65.87,0.056,35.32,1752,162,0
60.73,0.053,33.62,1598,360,0
69.69,0.044,29.21,1371,3671,0
61.52,0.048,25.92,1897,3292,0
75.73,0.112,32.43,1925,1588,1
52.14,0.045,39.49,1505,1230,0
66.4,0.06,41.28,1763,4375,1
73.01,0.037,40.94,1781,454,0
71.84,0.056,30.92,1907,2874,0
96.93,0.045,29.23,2158,688,1
73.5,0.042,37.48,2153,704,0
59.96,0.086,38.18,1350,2328,0
69.05,0.074,37.0,1627,273,0
52.24,0.053,24.93,1820,453,0
69.19,0.004,30.67,1666,3390,0
61.67,0.043,34.85,1829,533,0
79.15,0.104,37.44,2076,3052,1
64.5,0.045,38.84,1806,358,0
68.83,0.072,35.72,1967,967,0
63.64,0.079,36.65,1755,2706,0
87.39,0.054,35.42,2147,3745,1
66.79,0.033,38.43,1266,695,0
88.33,0.001,36.56,1355,493,1
78.14,0.064,35.33,2034,4531,1
74.82,0.034,33.66,1405,2210,0
73.69,0.054,35.41,1985,3964,0
73.94,0.025,37.42,1354,4239,1
50.72,0.045,36.34,1890,2300,0
67.21,0.051,36.9,1708,4097,0
78.45,0.055,41.71,1771,3953,0
69.51,0.028,36.33,1273,3854,0
55.95,0.074,31.76,1248,4470,1
69.48,0.038,39.42,1982,3529,0
87.04,0.017,28.17,1666,4621,1
82.47,0.048,29.59,1784,4678,1
69.38,0.051,36.68,1907,313,0
79.51,0.053,37.58,2110,2226,0
66.33,0.077,28.77,1378,238,0
52.96,0.045,33.09,1247,4293,1
60.76,0.048,31.97,1271,4060,0
85.63,0.028,32.57,1312,763,1
67.26,0.066,39.72,1956,2932,0
67.57,0.054,38.53,2096,1173,0
67.0,0.042,34.9,2102,4674,1
89.04,0.012,32.27,2020,4122,1
86.26,0.079,28.25,1358,261,1
92.19,0.025,42.1,1985,1600,1
68.41,0.038,37.96,1979,3278,0
72.96,0.057,31.47,2015,4590,1
54.83,0.026,38.6,1229,4996,1
84.77,0.02,34.65,1296,285,0
58.32,0.008,33.56,1450,4753,1
72.17,0.064,37.18,1718,2080,0
59.03,0.039,31.29,1291,4641,1
64.11,0.109,33.28,1312,4088,1
61.63,0.03,35.61,1458,929,0
63.92,0.032,32.5,1306,3619,0
64.61,0.039,38.35,1774,3611,0
64.52,0.055,44.35,1589,3428,0
78.33,0.041,31.23,2190,3448,0
58.95,0.062,26.67,1557,2585,0
72.21,0.03,24.99,1982,4711,1
82.18,0.022,34.25,1398,1325,0
64.87,0.014,31.68,1626,4951,1
62.82,0.006,36.04,1677,2944,0
67.69,0.04,35.66,2058,2833,0
81.8,0.044,26.98,2048,4520,1
71.94,0.037,25.93,1702,4096,0
64.69,0.075,36.48,1857,2770,0
74.84,0.075,35.68,2117,4882,1
58.98,0.043,32.87,1772,1598,0
76.81,0.014,26.71,1319,1788,0
74.09,0.039,37.36,1772,2547,0
66.92,0.038,41.36,1508,967,0
61.61,0.037,36.39,1737,4412,1
61.13,0.036,30.76,1826,3108,0
75.35,0.037,35.22,1674,3624,0
82.29,0.042,28.17,1751,2112,0
63.63,0.037,40.29,1543,339,0
74.58,0.054,35.41,1827,147,0
49.13,0.057,26.16,1335,4149,0
64.15,0.032,33.5,1476,3557,0
69.69,0.075,37.32,2188,3379,0
60.9,0.03,33.33,2010,3328,0
60.63,0.018,33.62,1732,1348,0
63.32,0.058,28.88,2098,1267,0
72.92,0.034,37.83,1230,3590,0
68.13,0.056,31.76,1446,1997,0
47.62,0.002,24.22,1610,3636,0
48.79,0.078,33.14,1226,2279,0
63.93,0.063,39.91,1272,4820,1
74.58,0.02,33.07,2152,2070,0
42.52,0.02,43.69,1296,4796,1
65.0,0.083,37.14,1872,2820,0
64.74,0.035,36.69,1545,2481,0
83.88,0.033,34.36,1675,2043,0
66.15,0.005,34.66,1499,3246,0
73.83,0.043,33.68,1498,3583,0
71.41,0.045,33.49,1486,3796,0
48.69,0.064,37.65,2084,2925,0
77.68,0.022,30.32,1648,1927,0
72.15,0.02,29.62,1411,322,0
75.08,0.059,29.38,1275,1846,0
109.26,0.07,45.23,1600,629,1
49.16,0.019,37.65,1854,233,0
87.25,0.072,36.52,1233,3903,1
67.13,0.051,29.71,1697,4586,1
72.87,0.072,38.12,2047,201,0
69.54,0.049,34.42,1715,3823,0
65.76,-0.0,36.07,1527,2828,0
64.3,0.047,30.12,1297,2645,0
73.3,0.071,35.8,1565,2658,0
54.83,0.032,32.88,1928,3141,0
77.51,0.042,31.17,1662,2100,0
65.84,0.046,38.67,1227,1048,0
58.7,-0.008,27.31,1912,1668,0
65.5,0.083,37.82,1585,2153,0
82.57,0.032,38.42,1472,3105,0
64.65,0.06,30.6,2025,293,0
73.58,0.048,30.9,1326,841,0
62.69,0.075,33.88,1401,4006,0
77.58,0.058,36.41,1720,3059,0
76.86,0.045,34.24,1486,4668,1
88.49,0.032,37.17,1649,2363,1
68.24,0.066,43.81,1287,3520,0
76.69,0.013,32.46,1517,3023,0
70.98,0.063,26.42,1218,3354,0
82.96,0.028,39.13,1792,3339,0
62.81,0.075,43.42,1306,3965,0
77.45,0.053,36.96,1657,137,0
68.05,0.063,29.56,1510,1798,0
69.36,0.052,34.38,1611,4666,1
70.92,0.015,29.41,1941,4126,0
72.52,0.033,38.21,1823,3313,0
68.84,0.063,28.24,1931,1883,0
72.15,0.053,33.5,1834,2066,0
85.78,0.074,29.98,1697,202,1
79.85,0.058,35.63,1443,141,0
78.69,0.031,33.17,1889,3094,0
65.44,0.034,35.88,1776,3318,0
61.11,0.052,35.11,1579,3090,0
79.55,0.004,30.07,1714,4388,1
78.76,0.083,38.13,1406,3469,0
84.73,0.059,34.76,2147,1161,0
63.96,0.075,30.06,1593,2649,0
67.7,0.018,46.2,1220,1776,0
53.61,0.075,37.38,2004,3789,0
66.08,0.095,34.23,1726,4097,1
79.97,0.024,42.08,1542,425,0
65.34,0.065,44.21,1917,1220,0
76.4,0.05,34.27,2174,207,0
68.09,0.019,36.74,1401,2778,0
73.24,0.06,30.06,1319,434,0
58.52,0.067,34.26,1848,2139,0
70.85,0.038,34.0,2011,903,0
40.09,0.073,35.92,2006,1948,0
68.13,0.017,36.66,1588,866,0
53.7,0.02,37.8,1736,3627,0
82.06,0.053,36.19,2023,2406,0
77.77,0.051,28.95,1433,2929,0
74.67,0.036,30.31,1832,1588,0
85.21,0.066,32.27,1801,4229,1
60.51,0.061,33.59,1519,3666,0
87.47,0.067,40.25,1911,2473,1
79.32,0.048,29.19,2181,936,0
67.63,0.062,33.21,1379,3409,0
81.36,0.041,39.77,2056,3712,0
58.94,0.091,33.5,1567,4934,1
61.75,0.034,37.3,1275,2891,0
63.91,0.092,34.3,1848,4312,1
64.71,0.051,36.28,1849,4083,0
59.43,0.022,33.86,1695,3868,0
82.23,0.077,38.34,1721,1604,0
67.41,0.053,27.27,1400,2550,0
73.53,0.067,33.18,2029,3144,0
64.3,0.074,36.48,1545,2133,0
51.79,0.057,37.67,1682,1799,0
72.7,0.038,42.46,1418,2380,0
50.88,0.07,33.04,1259,1407,0
69.31,0.05,42.4,2190,2627,0
56.32,0.064,31.7,1858,3938,0
89.87,0.007,41.64,1818,1075,1
79.11,0.059,39.09,1749,2156,0
71.06,0.037,30.43,1845,4910,1
82.64,0.083,36.54,2110,2526,0
61.54,0.062,34.74,1420,3774,0
75.43,0.055,38.13,2014,2528,0
72.0,0.06,33.88,2140,3833,0
72.64,0.03,33.46,1701,459,0
82.72,0.082,41.85,1332,2323,0
77.32,0.09,34.51,2045,584,0
72.89,0.058,39.13,1252,1528,0
53.45,0.082,33.87,1649,2180,0
60.4,0.039,43.33,1261,795,0
68.77,0.034,31.61,1222,4760,1
70.93,0.051,31.93,1243,301,0
58.7,0.059,42.62,2019,3957,0
94.12,0.042,32.78,1757,1298,1
85.16,0.061,43.01,1858,1367,1
76.02,0.056,39.46,1927,3070,0
70.72,0.03,34.23,2051,173,0
67.88,0.06,25.93,1246,195,0
60.48,0.067,34.9,2058,4368,1
70.77,0.053,35.51,2019,3577,0
72.58,0.073,40.84,1223,2302,0
57.58,0.026,42.94,1856,357,0
73.34,0.059,31.58,1288,3758,0
68.45,0.027,39.01,1373,4525,1
